ASSAY_DB_STAGING_ID,EXPORT_REQEUST_KEY,SEQUENCE_NO,STATUS,MANUFACTURER,CONTROL_LOT,CONTROL_LEVEL,CONTROL_EXPIRY_DATE,ASSAY_NAME,PRODUCT_TYPE,ASSAY_NUMBER,REAGENT_LOT_NO,BODY_FLUID,REAGENT_LOT_EXPIRY_DATE,MEAN,SD,LOW_SPEC,HIGH_SPEC,CONVENTIONAL_UNIT,REVISION_NO,REVISION_DATE,SENT_ON,SENT_BY,ERROR,IMPORTED_ON,EXPORTED ON
1373,1,1,1,Thermo Fisher,OIM19121,1,20211231,TSH,MW,56,5860,Serum,20210102,0.04,0.0068,0.21,0.061,mIU/L,1,20201018 18:10:11,18-Oct-20,NRUSSELL,,,
1374,1,2,1,Thermo Fisher,OIM19122,2,20211231,TSH,MW,56,5860,Serum,20210102,2.39,0.234,0.69,3.09,mIU/L,1,20201018 18:10:11,18-Oct-20,NRUSSELL,,,
1375,1,3,1,Thermo Fisher,OIM19123,3,20211231,TSH,MW,56,5860,Serum,20210102,18.9,1.66,13.9,23.9,mIU/L,1,20201018 18:10:11,18-Oct-20,NRUSSELL,,,
1376,1,4,1,Thermo Fisher,OIM19121,1,20211231,TSH,MW,56,5870,Serum,20210102,0.04,0.0068,0.21,0.061,mIU/L,1,20201018 18:10:11,18-Oct-20,NRUSSELL,,,
1377,1,5,1,Thermo Fisher,OIM19122,2,20211231,TSH,MW,56,5870,Serum,20210102,2.39,0.234,0.69,3.09,mIU/L,1,20201018 18:10:11,18-Oct-20,NRUSSELL,,,
1378,1,6,1,Thermo Fisher,OIM19123,3,20211231,TSH,MW,56,5870,Serum,20210102,18.9,1.66,13.9,23.9,mIU/L,1,20201018 18:10:11,18-Oct-20,NRUSSELL,,,
1379,1,7,1,Thermo Fisher,OIM19121,1,20211231,TSH,MW,56,5875,Serum,20210102,0.04,0.0068,0.21,0.061,mIU/L,1,20201018 18:10:11,18-Oct-20,NRUSSELL,,,
1380,1,8,1,Thermo Fisher,OIM19122,2,20211231,TSH,MW,56,5875,Serum,20210102,2.39,0.234,0.69,3.09,mIU/L,1,20201018 18:10:11,18-Oct-20,NRUSSELL,,,
1381,1,9,1,Thermo Fisher,OIM19123,3,20211231,TSH,MW,56,5875,Serum,20210102,18.9,1.66,13.9,23.9,mIU/L,1,20201018 18:10:11,18-Oct-20,NRUSSELL,,,
1382,1,10,1,Thermo Fisher,OIM19121,1,20211231,TSH,MW,56,5880,Serum,20210102,0.04,0.0068,0.21,0.061,mIU/L,1,20201018 18:10:11,18-Oct-20,NRUSSELL,,,
1383,1,11,1,Thermo Fisher,OIM19122,2,20211231,TSH,MW,56,5880,Serum,20210102,2.39,0.234,0.69,3.09,mIU/L,1,20201018 18:10:11,18-Oct-20,NRUSSELL,,,
1384,1,12,1,Thermo Fisher,OIM19123,3,20211231,TSH,MW,56,5880,Serum,20210102,18.9,1.66,13.9,23.9,mIU/L,1,20201018 18:10:11,18-Oct-20,NRUSSELL,,,
1385,1,13,1,Thermo Fisher,OIM19121,1,20211231,TSH,MW,56,5885,Serum,20210102,0.04,0.0068,0.21,0.061,mIU/L,1,20201018 18:10:11,18-Oct-20,NRUSSELL,,,
1386,1,14,1,Thermo Fisher,OIM19122,2,20211231,TSH,MW,56,5885,Serum,20210102,2.39,0.234,0.69,3.09,mIU/L,1,20201018 18:10:11,18-Oct-20,NRUSSELL,,,
1387,1,15,1,Thermo Fisher,OIM19123,3,20211231,TSH,MW,56,5885,Serum,20210102,18.9,1.66,13.9,23.9,mIU/L,1,20201018 18:10:11,18-Oct-20,NRUSSELL,,,
1388,1,16,1,Thermo Fisher,OIM19121,1,20211231,TSH,MW,56,5890,Serum,20210102,0.04,0.0068,0.21,0.061,mIU/L,1,20201018 18:10:11,18-Oct-20,NRUSSELL,,,
1389,1,17,1,Thermo Fisher,OIM19122,2,20211231,TSH,MW,56,5890,Serum,20210102,2.39,0.234,0.69,3.09,mIU/L,1,20201018 18:10:11,18-Oct-20,NRUSSELL,,,
1390,1,18,1,Thermo Fisher,OIM19123,3,20211231,TSH,MW,56,5890,Serum,20210102,18.9,1.66,13.9,23.9,mIU/L,1,20201018 18:10:11,18-Oct-20,NRUSSELL,,,
1391,1,19,1,Thermo Fisher,OIM19121,1,20211231,TSH,MW,56,5900,Serum,20210211,0.04,0.0068,0.21,0.061,mIU/L,1,20201018 18:10:11,18-Oct-20,NRUSSELL,,,
1392,1,20,1,Thermo Fisher,OIM19122,2,20211231,TSH,MW,56,5900,Serum,20210211,2.39,0.234,0.69,3.09,mIU/L,1,20201018 18:10:11,18-Oct-20,NRUSSELL,,,
1393,1,21,1,Thermo Fisher,OIM19123,3,20211231,TSH,MW,56,5900,Serum,20210211,18.9,1.66,13.9,23.9,mIU/L,1,20201018 18:10:11,18-Oct-20,NRUSSELL,,,
1394,1,22,1,Thermo Fisher,OIM19121,1,20211231,TSH,MW,56,5910,Serum,20210211,0.04,0.0068,0.21,0.061,mIU/L,1,20201018 18:10:11,18-Oct-20,NRUSSELL,,,
1395,1,23,1,Thermo Fisher,OIM19122,2,20211231,TSH,MW,56,5910,Serum,20210211,2.39,0.234,0.69,3.09,mIU/L,1,20201018 18:10:11,18-Oct-20,NRUSSELL,,,
1396,1,24,1,Thermo Fisher,OIM19123,3,20211231,TSH,MW,56,5910,Serum,20210211,18.9,1.66,13.9,23.9,mIU/L,1,20201018 18:10:11,18-Oct-20,NRUSSELL,,,
1397,1,25,1,Thermo Fisher,OIM19121,1,20211231,TSH,MW,56,5920,Serum,20210211,0.04,0.0068,0.21,0.061,mIU/L,1,20201018 18:10:11,18-Oct-20,NRUSSELL,,,
1398,1,26,1,Thermo Fisher,OIM19122,2,20211231,TSH,MW,56,5920,Serum,20210211,2.39,0.234,0.69,3.09,mIU/L,1,20201018 18:10:11,18-Oct-20,NRUSSELL,,,
1399,1,27,1,Thermo Fisher,OIM19123,3,20211231,TSH,MW,56,5920,Serum,20210211,18.9,1.66,13.9,23.9,mIU/L,1,20201018 18:10:11,18-Oct-20,NRUSSELL,,,
1400,1,28,1,Thermo Fisher,OIM19121,1,20211231,TSH,MW,56,5930,Serum,20210211,0.04,0.0068,0.21,0.061,mIU/L,1,20201018 18:10:11,18-Oct-20,NRUSSELL,,,
1401,1,29,1,Thermo Fisher,OIM19122,2,20211231,TSH,MW,56,5930,Serum,20210211,2.39,0.234,0.69,3.09,mIU/L,1,20201018 18:10:11,18-Oct-20,NRUSSELL,,,
1402,1,30,1,Thermo Fisher,OIM19123,3,20211231,TSH,MW,56,5930,Serum,20210211,18.9,1.66,13.9,23.9,mIU/L,1,20201018 18:10:11,18-Oct-20,NRUSSELL,,,
1403,1,31,1,Thermo Fisher,OIM19121,1,20211231,TSH,MW,56,5935,Serum,20210211,0.04,0.0068,0.21,0.061,mIU/L,1,20201018 18:10:11,18-Oct-20,NRUSSELL,,,
1404,1,32,1,Thermo Fisher,OIM19122,2,20211231,TSH,MW,56,5935,Serum,20210211,2.39,0.234,0.69,3.09,mIU/L,1,20201018 18:10:11,18-Oct-20,NRUSSELL,,,
1405,1,33,1,Thermo Fisher,OIM19123,3,20211231,TSH,MW,56,5935,Serum,20210211,18.9,1.66,13.9,23.9,mIU/L,1,20201018 18:10:11,18-Oct-20,NRUSSELL,,,
1406,1,34,1,Thermo Fisher,OIM19121,1,20211231,TSH,MW,56,5940,Serum,20210501,0.04,0.0068,0.21,0.061,mIU/L,1,20201018 18:10:11,18-Oct-20,NRUSSELL,,,
1407,1,35,1,Thermo Fisher,OIM19122,2,20211231,TSH,MW,56,5940,Serum,20210501,2.39,0.234,0.69,3.09,mIU/L,1,20201018 18:10:11,18-Oct-20,NRUSSELL,,,
1408,1,36,1,Thermo Fisher,OIM19123,3,20211231,TSH,MW,56,5940,Serum,20210501,18.9,1.66,13.9,23.9,mIU/L,1,20201018 18:10:11,18-Oct-20,NRUSSELL,,,
1409,1,37,1,Thermo Fisher,OIM19121,1,20211231,TSH,MW,56,5945,Serum,20210501,0.04,0.0068,0.21,0.061,mIU/L,1,20201018 18:10:11,18-Oct-20,NRUSSELL,,,
1410,1,38,1,Thermo Fisher,OIM19122,2,20211231,TSH,MW,56,5945,Serum,20210501,2.39,0.234,0.69,3.09,mIU/L,1,20201018 18:10:11,18-Oct-20,NRUSSELL,,,
1411,1,39,1,Thermo Fisher,OIM19123,3,20211231,TSH,MW,56,5945,Serum,20210501,18.9,1.66,13.9,23.9,mIU/L,1,20201018 18:10:11,18-Oct-20,NRUSSELL,,,
1412,1,40,1,Thermo Fisher,OIM19121,1,20211231,TSH,MW,56,5950,Serum,20210501,0.04,0.0068,0.21,0.061,mIU/L,1,20201018 18:10:11,18-Oct-20,NRUSSELL,,,
1413,1,41,1,Thermo Fisher,OIM19122,2,20211231,TSH,MW,56,5950,Serum,20210501,2.39,0.234,0.69,3.09,mIU/L,1,20201018 18:10:11,18-Oct-20,NRUSSELL,,,
1414,1,42,1,Thermo Fisher,OIM19123,3,20211231,TSH,MW,56,5950,Serum,20210501,18.9,1.66,13.9,23.9,mIU/L,1,20201018 18:10:11,18-Oct-20,NRUSSELL,,,
1415,1,43,1,Thermo Fisher,OIM19121,1,20211231,TSH,MW,56,5955,Serum,20210501,0.04,0.0068,0.21,0.061,mIU/L,1,20201018 18:10:11,18-Oct-20,NRUSSELL,,,
1416,1,44,1,Thermo Fisher,OIM19122,2,20211231,TSH,MW,56,5955,Serum,20210501,2.39,0.234,0.69,3.09,mIU/L,1,20201018 18:10:11,18-Oct-20,NRUSSELL,,,
1417,1,45,1,Thermo Fisher,OIM19123,3,20211231,TSH,MW,56,5955,Serum,20210501,18.9,1.66,13.9,23.9,mIU/L,1,20201018 18:10:11,18-Oct-20,NRUSSELL,,,
1418,1,46,1,Thermo Fisher,OIM19121,1,20211231,TSH,MW,56,5960,Serum,20210501,0.04,0.0068,0.21,0.061,mIU/L,1,20201018 18:10:11,18-Oct-20,NRUSSELL,,,
1419,1,47,1,Thermo Fisher,OIM19122,2,20211231,TSH,MW,56,5960,Serum,20210501,2.39,0.234,0.69,3.09,mIU/L,1,20201018 18:10:11,18-Oct-20,NRUSSELL,,,
1420,1,48,1,Thermo Fisher,OIM19123,3,20211231,TSH,MW,56,5960,Serum,20210501,18.9,1.66,13.9,23.9,mIU/L,1,20201018 18:10:11,18-Oct-20,NRUSSELL,,,
1421,1,49,1,Thermo Fisher,OIM19121,1,20211231,TSH,MW,56,5970,Serum,20210501,0.04,0.0068,0.21,0.061,mIU/L,1,20201018 18:10:11,18-Oct-20,NRUSSELL,,,
1422,1,50,1,Thermo Fisher,OIM19122,2,20211231,TSH,MW,56,5970,Serum,20210501,2.39,0.234,0.69,3.09,mIU/L,1,20201018 18:10:11,18-Oct-20,NRUSSELL,,,
1423,1,51,1,Thermo Fisher,OIM19123,3,20211231,TSH,MW,56,5970,Serum,20210501,18.9,1.66,13.9,23.9,mIU/L,1,20201018 18:10:11,18-Oct-20,NRUSSELL,,,
1424,2,1,1,Thermo Fisher,OIM19121,1,20211231,TT4,MW,59,2270,Serum,20201030,35.9,2.87,27.3,44.5,nmol/L,1,20201018 18:10:51,18-Oct-20,NRUSSELL,,,
1425,2,2,1,Thermo Fisher,OIM19122,2,20211231,TT4,MW,59,2270,Serum,20201030,104,6.03,85.9,122,nmol/L,1,20201018 18:10:51,18-Oct-20,NRUSSELL,,,
1426,2,3,1,Thermo Fisher,OIM19123,3,20211231,TT4,MW,59,2270,Serum,20201030,227,12.7,189,265,nmol/L,1,20201018 18:10:51,18-Oct-20,NRUSSELL,,,
1427,2,4,1,Thermo Fisher,OIM19121,1,20211231,TT4,MW,59,2280,Serum,20201218,35.9,2.87,27.3,44.5,nmol/L,1,20201018 18:10:51,18-Oct-20,NRUSSELL,,,
1428,2,5,1,Thermo Fisher,OIM19122,2,20211231,TT4,MW,59,2280,Serum,20201218,104,6.03,85.9,122,nmol/L,1,20201018 18:10:51,18-Oct-20,NRUSSELL,,,
1429,2,6,1,Thermo Fisher,OIM19123,3,20211231,TT4,MW,59,2280,Serum,20201218,227,12.7,189,265,nmol/L,1,20201018 18:10:51,18-Oct-20,NRUSSELL,,,
1430,2,7,1,Thermo Fisher,OIM19121,1,20211231,TT4,MW,59,2290,Serum,20210304,35.9,2.87,27.3,44.5,nmol/L,1,20201018 18:10:51,18-Oct-20,NRUSSELL,,,
1431,2,8,1,Thermo Fisher,OIM19122,2,20211231,TT4,MW,59,2290,Serum,20210304,104,6.03,85.9,122,nmol/L,1,20201018 18:10:51,18-Oct-20,NRUSSELL,,,
1432,2,9,1,Thermo Fisher,OIM19123,3,20211231,TT4,MW,59,2290,Serum,20210304,227,12.7,189,265,nmol/L,1,20201018 18:10:51,18-Oct-20,NRUSSELL,,,
1433,2,10,1,Thermo Fisher,OIM19121,1,20211231,TT4,MW,59,2295,Serum,20210304,35.9,2.87,27.3,44.5,nmol/L,1,20201018 18:10:51,18-Oct-20,NRUSSELL,,,
1434,2,11,1,Thermo Fisher,OIM19122,2,20211231,TT4,MW,59,2295,Serum,20210304,104,6.03,85.9,122,nmol/L,1,20201018 18:10:51,18-Oct-20,NRUSSELL,,,
1435,2,12,1,Thermo Fisher,OIM19123,3,20211231,TT4,MW,59,2295,Serum,20210304,227,12.7,189,265,nmol/L,1,20201018 18:10:51,18-Oct-20,NRUSSELL,,,
1436,2,13,1,Thermo Fisher,OIM19121,1,20211231,TT4,MW,59,2300,Serum,20210428,35.9,2.87,27.3,44.5,nmol/L,1,20201018 18:10:51,18-Oct-20,NRUSSELL,,,
1437,2,14,1,Thermo Fisher,OIM19122,2,20211231,TT4,MW,59,2300,Serum,20210428,104,6.03,85.9,122,nmol/L,1,20201018 18:10:51,18-Oct-20,NRUSSELL,,,
1438,2,15,1,Thermo Fisher,OIM19123,3,20211231,TT4,MW,59,2300,Serum,20210428,227,12.7,189,265,nmol/L,1,20201018 18:10:51,18-Oct-20,NRUSSELL,,,
1439,2,16,1,Thermo Fisher,OIM19121,1,20211231,TT4,MW,59,8889,Serum,20210926,35.9,2.87,27.3,44.5,nmol/L,1,20201018 18:10:51,18-Oct-20,NRUSSELL,,,
1440,2,17,1,Thermo Fisher,OIM19122,2,20211231,TT4,MW,59,8889,Serum,20210926,104,6.03,85.9,122,nmol/L,1,20201018 18:10:51,18-Oct-20,NRUSSELL,,,
1441,2,18,1,Thermo Fisher,OIM19123,3,20211231,TT4,MW,59,8889,Serum,20210926,227,12.7,189,265,nmol/L,1,20201018 18:10:51,18-Oct-20,NRUSSELL,,,
1442,3,1,1,Thermo Fisher,OIM19121,1,20211231,TT3,MW,58,2031,Serum,20201110,0.753,0.655,0.557,0.95,nmol/L,1,20201018 18:10:54,18-Oct-20,NRUSSELL,,,
1443,3,2,1,Thermo Fisher,OIM19122,2,20211231,TT3,MW,58,2031,Serum,20201110,2,0.12,1.64,2.36,nmol/L,1,20201018 18:10:54,18-Oct-20,NRUSSELL,,,
1444,3,3,1,Thermo Fisher,OIM19123,3,20211231,TT3,MW,58,2031,Serum,20201110,4.2,0.252,3.44,4.96,nmol/L,1,20201018 18:10:54,18-Oct-20,NRUSSELL,,,
1445,3,4,1,Thermo Fisher,OIM19121,1,20211231,TT3,MW,58,2120,Serum,20201208,0.753,0.655,0.557,0.95,nmol/L,1,20201018 18:10:54,18-Oct-20,NRUSSELL,,,
1446,3,5,1,Thermo Fisher,OIM19122,2,20211231,TT3,MW,58,2120,Serum,20201208,2,0.12,1.64,2.36,nmol/L,1,20201018 18:10:54,18-Oct-20,NRUSSELL,,,
1447,3,6,1,Thermo Fisher,OIM19123,3,20211231,TT3,MW,58,2120,Serum,20201208,4.2,0.252,3.44,4.96,nmol/L,1,20201018 18:10:54,18-Oct-20,NRUSSELL,,,
1448,3,7,1,Thermo Fisher,OIM19121,1,20211231,TT3,MW,58,2130,Serum,20210120,0.753,0.655,0.557,0.95,nmol/L,1,20201018 18:10:54,18-Oct-20,NRUSSELL,,,
1449,3,8,1,Thermo Fisher,OIM19122,2,20211231,TT3,MW,58,2130,Serum,20210120,2,0.12,1.64,2.36,nmol/L,1,20201018 18:10:54,18-Oct-20,NRUSSELL,,,
1450,3,9,1,Thermo Fisher,OIM19123,3,20211231,TT3,MW,58,2130,Serum,20210120,4.2,0.252,3.44,4.96,nmol/L,1,20201018 18:10:54,18-Oct-20,NRUSSELL,,,
1451,3,10,1,Thermo Fisher,OIM19121,1,20211231,TT3,MW,58,2140,Serum,20210307,0.753,0.655,0.557,0.95,nmol/L,1,20201018 18:10:54,18-Oct-20,NRUSSELL,,,
1452,3,11,1,Thermo Fisher,OIM19122,2,20211231,TT3,MW,58,2140,Serum,20210307,2,0.12,1.64,2.36,nmol/L,1,20201018 18:10:54,18-Oct-20,NRUSSELL,,,
1453,3,12,1,Thermo Fisher,OIM19123,3,20211231,TT3,MW,58,2140,Serum,20210307,4.2,0.252,3.44,4.96,nmol/L,1,20201018 18:10:54,18-Oct-20,NRUSSELL,,,
1454,3,13,1,Thermo Fisher,OIM19121,1,20211231,TT3,MW,58,2141,Serum,20210307,0.753,0.655,0.557,0.95,nmol/L,1,20201018 18:10:54,18-Oct-20,NRUSSELL,,,
1455,3,14,1,Thermo Fisher,OIM19122,2,20211231,TT3,MW,58,2141,Serum,20210307,2,0.12,1.64,2.36,nmol/L,1,20201018 18:10:54,18-Oct-20,NRUSSELL,,,
1456,3,15,1,Thermo Fisher,OIM19123,3,20211231,TT3,MW,58,2141,Serum,20210307,4.2,0.252,3.44,4.96,nmol/L,1,20201018 18:10:54,18-Oct-20,NRUSSELL,,,
1457,3,16,1,Thermo Fisher,OIM19121,1,20211231,TT3,MW,58,2145,Serum,20210202,0.753,0.655,0.557,0.95,nmol/L,1,20201018 18:10:54,18-Oct-20,NRUSSELL,,,
1458,3,17,1,Thermo Fisher,OIM19122,2,20211231,TT3,MW,58,2145,Serum,20210202,2,0.12,1.64,2.36,nmol/L,1,20201018 18:10:54,18-Oct-20,NRUSSELL,,,
1459,3,18,1,Thermo Fisher,OIM19123,3,20211231,TT3,MW,58,2145,Serum,20210202,4.2,0.252,3.44,4.96,nmol/L,1,20201018 18:10:54,18-Oct-20,NRUSSELL,,,
1460,3,19,1,Thermo Fisher,OIM19121,1,20211231,TT3,MW,58,2146,Serum,20210202,0.753,0.655,0.557,0.95,nmol/L,1,20201018 18:10:54,18-Oct-20,NRUSSELL,,,
1461,3,20,1,Thermo Fisher,OIM19122,2,20211231,TT3,MW,58,2146,Serum,20210202,2,0.12,1.64,2.36,nmol/L,1,20201018 18:10:54,18-Oct-20,NRUSSELL,,,
1462,3,21,1,Thermo Fisher,OIM19123,3,20211231,TT3,MW,58,2146,Serum,20210202,4.2,0.252,3.44,4.96,nmol/L,1,20201018 18:10:54,18-Oct-20,NRUSSELL,,,
1463,3,22,1,Thermo Fisher,OIM19121,1,20211231,TT3,MW,58,2150,Serum,20210316,0.753,0.655,0.557,0.95,nmol/L,1,20201018 18:10:54,18-Oct-20,NRUSSELL,,,
1464,3,23,1,Thermo Fisher,OIM19122,2,20211231,TT3,MW,58,2150,Serum,20210316,2,0.12,1.64,2.36,nmol/L,1,20201018 18:10:54,18-Oct-20,NRUSSELL,,,
1465,3,24,1,Thermo Fisher,OIM19123,3,20211231,TT3,MW,58,2150,Serum,20210316,4.2,0.252,3.44,4.96,nmol/L,1,20201018 18:10:54,18-Oct-20,NRUSSELL,,,
1466,3,25,1,Thermo Fisher,OIM19121,1,20211231,TT3,MW,58,2155,Serum,20210424,0.753,0.655,0.557,0.95,nmol/L,1,20201018 18:10:54,18-Oct-20,NRUSSELL,,,
1467,3,26,1,Thermo Fisher,OIM19122,2,20211231,TT3,MW,58,2155,Serum,20210424,2,0.12,1.64,2.36,nmol/L,1,20201018 18:10:54,18-Oct-20,NRUSSELL,,,
1468,3,27,1,Thermo Fisher,OIM19123,3,20211231,TT3,MW,58,2155,Serum,20210424,4.2,0.252,3.44,4.96,nmol/L,1,20201018 18:10:54,18-Oct-20,NRUSSELL,,,
1469,3,28,1,Thermo Fisher,OIM19121,1,20211231,TT3,MW,58,2160,Serum,20210521,0.753,0.655,0.557,0.95,nmol/L,1,20201018 18:10:54,18-Oct-20,NRUSSELL,,,
1470,3,29,1,Thermo Fisher,OIM19122,2,20211231,TT3,MW,58,2160,Serum,20210521,2,0.12,1.64,2.36,nmol/L,1,20201018 18:10:54,18-Oct-20,NRUSSELL,,,
1471,3,30,1,Thermo Fisher,OIM19123,3,20211231,TT3,MW,58,2160,Serum,20210521,4.2,0.252,3.44,4.96,nmol/L,1,20201018 18:10:54,18-Oct-20,NRUSSELL,,,
1472,4,1,1,Thermo Fisher,OIM19121,1,20211231,FT4,MW,32,4121,Serum,20210217,6.55,0.511,5.02,8.08,pmol/L,1,20201018 18:10:59,18-Oct-20,NRUSSELL,,,
1473,4,2,1,Thermo Fisher,OIM19122,2,20211231,FT4,MW,32,4121,Serum,20210217,20.8,1.41,16.6,25,pmol/L,1,20201018 18:10:59,18-Oct-20,NRUSSELL,,,
1474,4,3,1,Thermo Fisher,OIM19121,1,20211231,FT4,MW,32,4225,Serum,20201021,6.55,0.511,5.02,8.08,pmol/L,1,20201018 18:10:59,18-Oct-20,NRUSSELL,,,
1475,4,4,1,Thermo Fisher,OIM19122,2,20211231,FT4,MW,32,4225,Serum,20201021,20.8,1.41,16.6,25,pmol/L,1,20201018 18:10:59,18-Oct-20,NRUSSELL,,,
1476,4,5,1,Thermo Fisher,OIM19121,1,20211231,FT4,MW,32,4240,Serum,20201111,6.55,0.511,5.02,8.08,pmol/L,1,20201018 18:10:59,18-Oct-20,NRUSSELL,,,
1477,4,6,1,Thermo Fisher,OIM19122,2,20211231,FT4,MW,32,4240,Serum,20201111,20.8,1.41,16.6,25,pmol/L,1,20201018 18:10:59,18-Oct-20,NRUSSELL,,,
1478,4,7,1,Thermo Fisher,OIM19121,1,20211231,FT4,MW,32,4250,Serum,20201129,6.55,0.511,5.02,8.08,pmol/L,1,20201018 18:10:59,18-Oct-20,NRUSSELL,,,
1479,4,8,1,Thermo Fisher,OIM19122,2,20211231,FT4,MW,32,4250,Serum,20201129,20.8,1.41,16.6,25,pmol/L,1,20201018 18:10:59,18-Oct-20,NRUSSELL,,,
1480,4,9,1,Thermo Fisher,OIM19121,1,20211231,FT4,MW,32,4255,Serum,20201103,6.55,0.511,5.02,8.08,pmol/L,1,20201018 18:10:59,18-Oct-20,NRUSSELL,,,
1481,4,10,1,Thermo Fisher,OIM19122,2,20211231,FT4,MW,32,4255,Serum,20201103,20.8,1.41,16.6,25,pmol/L,1,20201018 18:10:59,18-Oct-20,NRUSSELL,,,
1482,4,11,1,Thermo Fisher,OIM19121,1,20211231,FT4,MW,32,4260,Serum,20201217,6.55,0.511,5.02,8.08,pmol/L,1,20201018 18:10:59,18-Oct-20,NRUSSELL,,,
1483,4,12,1,Thermo Fisher,OIM19122,2,20211231,FT4,MW,32,4260,Serum,20201217,20.8,1.41,16.6,25,pmol/L,1,20201018 18:10:59,18-Oct-20,NRUSSELL,,,
1484,4,13,1,Thermo Fisher,OIM19121,1,20211231,FT4,MW,32,4270,Serum,20210105,6.55,0.511,5.02,8.08,pmol/L,1,20201018 18:10:59,18-Oct-20,NRUSSELL,,,
1485,4,14,1,Thermo Fisher,OIM19122,2,20211231,FT4,MW,32,4270,Serum,20210105,20.8,1.41,16.6,25,pmol/L,1,20201018 18:10:59,18-Oct-20,NRUSSELL,,,
1486,4,15,1,Thermo Fisher,OIM19121,1,20211231,FT4,MW,32,4275,Serum,20210108,6.55,0.511,5.02,8.08,pmol/L,1,20201018 18:10:59,18-Oct-20,NRUSSELL,,,
1487,4,16,1,Thermo Fisher,OIM19122,2,20211231,FT4,MW,32,4275,Serum,20210108,20.8,1.41,16.6,25,pmol/L,1,20201018 18:10:59,18-Oct-20,NRUSSELL,,,
1488,4,17,1,Thermo Fisher,OIM19121,1,20211231,FT4,MW,32,4280,Serum,20210127,6.55,0.511,5.02,8.08,pmol/L,1,20201018 18:10:59,18-Oct-20,NRUSSELL,,,
1489,4,18,1,Thermo Fisher,OIM19122,2,20211231,FT4,MW,32,4280,Serum,20210127,20.8,1.41,16.6,25,pmol/L,1,20201018 18:10:59,18-Oct-20,NRUSSELL,,,
1490,4,19,1,Thermo Fisher,OIM19121,1,20211231,FT4,MW,32,4285,Serum,20210127,6.55,0.511,5.02,8.08,pmol/L,1,20201018 18:10:59,18-Oct-20,NRUSSELL,,,
1491,4,20,1,Thermo Fisher,OIM19122,2,20211231,FT4,MW,32,4285,Serum,20210127,20.8,1.41,16.6,25,pmol/L,1,20201018 18:10:59,18-Oct-20,NRUSSELL,,,
1492,4,21,1,Thermo Fisher,OIM19121,1,20211231,FT4,MW,32,4290,Serum,20210217,6.55,0.511,5.02,8.08,pmol/L,1,20201018 18:10:59,18-Oct-20,NRUSSELL,,,
1493,4,22,1,Thermo Fisher,OIM19122,2,20211231,FT4,MW,32,4290,Serum,20210217,20.8,1.41,16.6,25,pmol/L,1,20201018 18:10:59,18-Oct-20,NRUSSELL,,,
1494,5,1,1,Thermo Fisher,OIM19121,1,20211231,FT3,MW,30,2310,Serum,20201127,3.73,0.47,2.32,5.14,pmol/L,1,20201018 18:10:03,18-Oct-20,NRUSSELL,,,
1495,5,2,1,Thermo Fisher,OIM19122,2,20211231,FT3,MW,30,2310,Serum,20201127,7.34,0.617,5.49,9.19,pmol/L,1,20201018 18:10:03,18-Oct-20,NRUSSELL,,,
1496,5,3,1,Thermo Fisher,OIM19121,1,20211231,FT3,MW,30,2320,Serum,20201127,3.73,0.47,2.32,5.14,pmol/L,1,20201018 18:10:03,18-Oct-20,NRUSSELL,,,
1497,5,4,1,Thermo Fisher,OIM19122,2,20211231,FT3,MW,30,2320,Serum,20201127,7.34,0.617,5.49,9.19,pmol/L,1,20201018 18:10:03,18-Oct-20,NRUSSELL,,,
1498,5,5,1,Thermo Fisher,OIM19121,1,20211231,FT3,MW,30,2330,Serum,20201127,3.73,0.47,2.32,5.14,pmol/L,1,20201018 18:10:03,18-Oct-20,NRUSSELL,,,
1499,5,6,1,Thermo Fisher,OIM19122,2,20211231,FT3,MW,30,2330,Serum,20201127,7.34,0.617,5.49,9.19,pmol/L,1,20201018 18:10:03,18-Oct-20,NRUSSELL,,,
1500,5,7,1,Thermo Fisher,OIM19121,1,20211231,FT3,MW,30,2341,Serum,20201031,3.73,0.47,2.32,5.14,pmol/L,1,20201018 18:10:03,18-Oct-20,NRUSSELL,,,
1501,5,8,1,Thermo Fisher,OIM19122,2,20211231,FT3,MW,30,2341,Serum,20201031,7.34,0.617,5.49,9.19,pmol/L,1,20201018 18:10:03,18-Oct-20,NRUSSELL,,,
1502,5,9,1,Thermo Fisher,OIM19121,1,20211231,FT3,MW,30,2342,Serum,20201109,3.73,0.47,2.32,5.14,pmol/L,1,20201018 18:10:03,18-Oct-20,NRUSSELL,,,
1503,5,10,1,Thermo Fisher,OIM19122,2,20211231,FT3,MW,30,2342,Serum,20201109,7.34,0.617,5.49,9.19,pmol/L,1,20201018 18:10:03,18-Oct-20,NRUSSELL,,,
1504,5,11,1,Thermo Fisher,OIM19121,1,20211231,FT3,MW,30,2343,Serum,20210323,3.73,0.47,2.32,5.14,pmol/L,1,20201018 18:10:03,18-Oct-20,NRUSSELL,,,
1505,5,12,1,Thermo Fisher,OIM19122,2,20211231,FT3,MW,30,2343,Serum,20210323,7.34,0.617,5.49,9.19,pmol/L,1,20201018 18:10:03,18-Oct-20,NRUSSELL,,,
1506,5,13,1,Thermo Fisher,OIM19121,1,20211231,FT3,MW,30,2350,Serum,20201115,3.73,0.47,2.32,5.14,pmol/L,1,20201018 18:10:03,18-Oct-20,NRUSSELL,,,
1507,5,14,1,Thermo Fisher,OIM19122,2,20211231,FT3,MW,30,2350,Serum,20201115,7.34,0.617,5.49,9.19,pmol/L,1,20201018 18:10:03,18-Oct-20,NRUSSELL,,,
1508,5,15,1,Thermo Fisher,OIM19121,1,20211231,FT3,MW,30,2351,Serum,20201121,3.73,0.47,2.32,5.14,pmol/L,1,20201018 18:10:03,18-Oct-20,NRUSSELL,,,
1509,5,16,1,Thermo Fisher,OIM19122,2,20211231,FT3,MW,30,2351,Serum,20201121,7.34,0.617,5.49,9.19,pmol/L,1,20201018 18:10:03,18-Oct-20,NRUSSELL,,,
1510,6,1,1,Thermo Fisher,OIM19121,1,20211231,T3U,MW,50,2450,Serum,20201101,34.2,1.88,28.6,39.8,%Uptake,1,20201018 18:10:06,18-Oct-20,NRUSSELL,,,
1511,6,2,1,Thermo Fisher,OIM19122,2,20211231,T3U,MW,50,2450,Serum,20201101,36.4,2.15,30,42.9,%Uptake,1,20201018 18:10:06,18-Oct-20,NRUSSELL,,,
1512,6,3,1,Thermo Fisher,OIM19121,1,20211231,T3U,MW,50,2460,Serum,20201129,34.2,1.88,28.6,39.8,%Uptake,1,20201018 18:10:06,18-Oct-20,NRUSSELL,,,
1513,6,4,1,Thermo Fisher,OIM19122,2,20211231,T3U,MW,50,2460,Serum,20201129,36.4,2.15,30,42.9,%Uptake,1,20201018 18:10:06,18-Oct-20,NRUSSELL,,,
1514,6,5,1,Thermo Fisher,OIM19121,1,20211231,T3U,MW,50,2470,Serum,20201223,34.2,1.88,28.6,39.8,%Uptake,1,20201018 18:10:06,18-Oct-20,NRUSSELL,,,
1515,6,6,1,Thermo Fisher,OIM19122,2,20211231,T3U,MW,50,2470,Serum,20201223,36.4,2.15,30,42.9,%Uptake,1,20201018 18:10:06,18-Oct-20,NRUSSELL,,,
1516,6,7,1,Thermo Fisher,OIM19121,1,20211231,T3U,MW,50,2480,Serum,20201122,34.2,1.88,28.6,39.8,%Uptake,1,20201018 18:10:06,18-Oct-20,NRUSSELL,,,
1517,6,8,1,Thermo Fisher,OIM19122,2,20211231,T3U,MW,50,2480,Serum,20201122,36.4,2.15,30,42.9,%Uptake,1,20201018 18:10:06,18-Oct-20,NRUSSELL,,,
1518,6,9,1,Thermo Fisher,OIM19121,1,20211231,T3U,MW,50,2481,Serum,20210123,34.2,1.88,28.6,39.8,%Uptake,1,20201018 18:10:06,18-Oct-20,NRUSSELL,,,
1519,6,10,1,Thermo Fisher,OIM19122,2,20211231,T3U,MW,50,2481,Serum,20210123,36.4,2.15,30,42.9,%Uptake,1,20201018 18:10:06,18-Oct-20,NRUSSELL,,,
1520,6,11,1,Thermo Fisher,OIM19121,1,20211231,T3U,MW,50,2490,Serum,20210213,34.2,1.88,28.6,39.8,%Uptake,1,20201018 18:10:06,18-Oct-20,NRUSSELL,,,
1521,6,12,1,Thermo Fisher,OIM19122,2,20211231,T3U,MW,50,2490,Serum,20210213,36.4,2.15,30,42.9,%Uptake,1,20201018 18:10:06,18-Oct-20,NRUSSELL,,,
1522,6,13,1,Thermo Fisher,OIM19121,1,20211231,T3U,MW,50,8888,Serum,20210813,34.2,1.88,28.6,39.8,%Uptake,1,20201018 18:10:06,18-Oct-20,NRUSSELL,,,
1523,6,14,1,Thermo Fisher,OIM19122,2,20211231,T3U,MW,50,8888,Serum,20210813,36.4,2.15,30,42.9,%Uptake,1,20201018 18:10:06,18-Oct-20,NRUSSELL,,,
1524,7,1,1,Thermo Fisher,OIM19121,1,20211231,iPTH,MW,69,1050,Serum,20201103,30.2,4.08,18,4.4,pg/mL,1,20201018 18:10:11,18-Oct-20,NRUSSELL,,,
1525,7,2,1,Thermo Fisher,OIM19122,2,20211231,iPTH,MW,69,1050,Serum,20201103,88.6,11.78,53.3,123.9,pg/mL,1,20201018 18:10:11,18-Oct-20,NRUSSELL,,,
1526,7,3,1,Thermo Fisher,OIM19123,3,20211231,iPTH,MW,69,1050,Serum,20201103,490.8,65.28,295,686.6,pg/mL,1,20201018 18:10:11,18-Oct-20,NRUSSELL,,,
1527,7,4,1,Thermo Fisher,OIM19121,1,20211231,iPTH,MW,69,1060,Serum,20201201,30.2,4.08,18,4.4,pg/mL,1,20201018 18:10:11,18-Oct-20,NRUSSELL,,,
1528,7,5,1,Thermo Fisher,OIM19122,2,20211231,iPTH,MW,69,1060,Serum,20201201,88.6,11.78,53.3,123.9,pg/mL,1,20201018 18:10:11,18-Oct-20,NRUSSELL,,,
1529,7,6,1,Thermo Fisher,OIM19123,3,20211231,iPTH,MW,69,1060,Serum,20201201,490.8,65.28,295,686.6,pg/mL,1,20201018 18:10:11,18-Oct-20,NRUSSELL,,,
1530,7,7,1,Thermo Fisher,OIM19121,1,20211231,iPTH,MW,69,1070,Serum,20201215,30.2,4.08,18,4.4,pg/mL,1,20201018 18:10:11,18-Oct-20,NRUSSELL,,,
1531,7,8,1,Thermo Fisher,OIM19122,2,20211231,iPTH,MW,69,1070,Serum,20201215,88.6,11.78,53.3,123.9,pg/mL,1,20201018 18:10:11,18-Oct-20,NRUSSELL,,,
1532,7,9,1,Thermo Fisher,OIM19123,3,20211231,iPTH,MW,69,1070,Serum,20201215,490.8,65.28,295,686.6,pg/mL,1,20201018 18:10:11,18-Oct-20,NRUSSELL,,,
1533,7,10,1,Thermo Fisher,OIM19121,1,20211231,iPTH,MW,69,1080,Serum,20210204,30.2,4.08,18,4.4,pg/mL,1,20201018 18:10:11,18-Oct-20,NRUSSELL,,,
1534,7,11,1,Thermo Fisher,OIM19122,2,20211231,iPTH,MW,69,1080,Serum,20210204,88.6,11.78,53.3,123.9,pg/mL,1,20201018 18:10:11,18-Oct-20,NRUSSELL,,,
1535,7,12,1,Thermo Fisher,OIM19123,3,20211231,iPTH,MW,69,1080,Serum,20210204,490.8,65.28,295,686.6,pg/mL,1,20201018 18:10:11,18-Oct-20,NRUSSELL,,,
1536,7,13,1,Thermo Fisher,OIM19121,1,20211231,iPTH,MW,69,1081,Serum,20210204,30.2,4.08,18,4.4,pg/mL,1,20201018 18:10:11,18-Oct-20,NRUSSELL,,,
1537,7,14,1,Thermo Fisher,OIM19122,2,20211231,iPTH,MW,69,1081,Serum,20210204,88.6,11.78,53.3,123.9,pg/mL,1,20201018 18:10:11,18-Oct-20,NRUSSELL,,,
1538,7,15,1,Thermo Fisher,OIM19123,3,20211231,iPTH,MW,69,1081,Serum,20210204,490.8,65.28,295,686.6,pg/mL,1,20201018 18:10:11,18-Oct-20,NRUSSELL,,,
1539,7,16,1,Thermo Fisher,OIM19121,1,20211231,iPTH,MW,69,1090,Serum,20210223,30.2,4.08,18,4.4,pg/mL,1,20201018 18:10:11,18-Oct-20,NRUSSELL,,,
1540,7,17,1,Thermo Fisher,OIM19122,2,20211231,iPTH,MW,69,1090,Serum,20210223,88.6,11.78,53.3,123.9,pg/mL,1,20201018 18:10:11,18-Oct-20,NRUSSELL,,,
1541,7,18,1,Thermo Fisher,OIM19123,3,20211231,iPTH,MW,69,1090,Serum,20210223,490.8,65.28,295,686.6,pg/mL,1,20201018 18:10:11,18-Oct-20,NRUSSELL,,,
1542,7,19,1,Thermo Fisher,OIM19121,1,20211231,iPTH,MW,69,1100,Serum,20210323,30.2,4.08,18,4.4,pg/mL,1,20201018 18:10:11,18-Oct-20,NRUSSELL,,,
1543,7,20,1,Thermo Fisher,OIM19122,2,20211231,iPTH,MW,69,1100,Serum,20210323,88.6,11.78,53.3,123.9,pg/mL,1,20201018 18:10:11,18-Oct-20,NRUSSELL,,,
1544,7,21,1,Thermo Fisher,OIM19123,3,20211231,iPTH,MW,69,1100,Serum,20210323,490.8,65.28,295,686.6,pg/mL,1,20201018 18:10:11,18-Oct-20,NRUSSELL,,,
1545,8,1,1,Thermo Fisher,OIM19121,1,20211231,E2,MW,24,1761,Serum,20201205,207.57,42.552,79.914,335.23,pmol/L,1,20201018 18:10:17,18-Oct-20,NRUSSELL,,,
1546,8,2,1,Thermo Fisher,OIM19122,2,20211231,E2,MW,24,1761,Serum,20201205,1245.8,153.23,786.11,1705.5,pmol/L,1,20201018 18:10:17,18-Oct-20,NRUSSELL,,,
1547,8,3,1,Thermo Fisher,OIM19123,3,20211231,E2,MW,24,1761,Serum,20201205,5330.6,453.1,3971.3,6689.9,pmol/L,1,20201018 18:10:17,18-Oct-20,NRUSSELL,,,
1548,8,4,1,Thermo Fisher,OIM19121,1,20211231,E2,MW,24,1770,Serum,20201118,207.57,42.552,79.914,335.23,pmol/L,1,20201018 18:10:17,18-Oct-20,NRUSSELL,,,
1549,8,5,1,Thermo Fisher,OIM19122,2,20211231,E2,MW,24,1770,Serum,20201118,1245.8,153.23,786.11,1705.5,pmol/L,1,20201018 18:10:17,18-Oct-20,NRUSSELL,,,
1550,8,6,1,Thermo Fisher,OIM19123,3,20211231,E2,MW,24,1770,Serum,20201118,5330.6,453.1,3971.3,6689.9,pmol/L,1,20201018 18:10:17,18-Oct-20,NRUSSELL,,,
1551,8,7,1,Thermo Fisher,OIM19121,1,20211231,E2,MW,24,1780,Serum,20210109,207.57,42.552,79.914,335.23,pmol/L,1,20201018 18:10:17,18-Oct-20,NRUSSELL,,,
1552,8,8,1,Thermo Fisher,OIM19122,2,20211231,E2,MW,24,1780,Serum,20210109,1245.8,153.23,786.11,1705.5,pmol/L,1,20201018 18:10:17,18-Oct-20,NRUSSELL,,,
1553,8,9,1,Thermo Fisher,OIM19123,3,20211231,E2,MW,24,1780,Serum,20210109,5330.6,453.1,3971.3,6689.9,pmol/L,1,20201018 18:10:17,18-Oct-20,NRUSSELL,,,
1554,8,10,1,Thermo Fisher,OIM19121,1,20211231,E2,MW,24,1790,Serum,20210330,207.57,42.552,79.914,335.23,pmol/L,1,20201018 18:10:17,18-Oct-20,NRUSSELL,,,
1555,8,11,1,Thermo Fisher,OIM19122,2,20211231,E2,MW,24,1790,Serum,20210330,1245.8,153.23,786.11,1705.5,pmol/L,1,20201018 18:10:17,18-Oct-20,NRUSSELL,,,
1556,8,12,1,Thermo Fisher,OIM19123,3,20211231,E2,MW,24,1790,Serum,20210330,5330.6,453.1,3971.3,6689.9,pmol/L,1,20201018 18:10:17,18-Oct-20,NRUSSELL,,,
1557,9,1,1,Thermo Fisher,OIM19121,1,20211231,LH,MW,42,1640,Serum,20201125,2.39,0.268,1.59,3.19,mIU/mL,1,20201018 18:10:48,18-Oct-20,NRUSSELL,,,
1558,9,2,1,Thermo Fisher,OIM19122,2,20211231,LH,MW,42,1640,Serum,20201125,18.1,1.74,12.9,23.3,mIU/mL,1,20201018 18:10:48,18-Oct-20,NRUSSELL,,,
1559,9,3,1,Thermo Fisher,OIM19123,3,20211231,LH,MW,42,1640,Serum,20201125,58.4,5.61,41.6,75.2,mIU/mL,1,20201018 18:10:48,18-Oct-20,NRUSSELL,,,
1560,9,4,1,Thermo Fisher,OIM19121,1,20211231,LH,MW,42,1650,Serum,20210126,2.39,0.268,1.59,3.19,mIU/mL,1,20201018 18:10:48,18-Oct-20,NRUSSELL,,,
1561,9,5,1,Thermo Fisher,OIM19122,2,20211231,LH,MW,42,1650,Serum,20210126,18.1,1.74,12.9,23.3,mIU/mL,1,20201018 18:10:48,18-Oct-20,NRUSSELL,,,
1562,9,6,1,Thermo Fisher,OIM19123,3,20211231,LH,MW,42,1650,Serum,20210126,58.4,5.61,41.6,75.2,mIU/mL,1,20201018 18:10:48,18-Oct-20,NRUSSELL,,,
1563,9,7,1,Thermo Fisher,OIM19121,1,20211231,LH,MW,42,1660,Serum,20210321,2.39,0.268,1.59,3.19,mIU/mL,1,20201018 18:10:48,18-Oct-20,NRUSSELL,,,
1564,9,8,1,Thermo Fisher,OIM19122,2,20211231,LH,MW,42,1660,Serum,20210321,18.1,1.74,12.9,23.3,mIU/mL,1,20201018 18:10:48,18-Oct-20,NRUSSELL,,,
1565,9,9,1,Thermo Fisher,OIM19123,3,20211231,LH,MW,42,1660,Serum,20210321,58.4,5.61,41.6,75.2,mIU/mL,1,20201018 18:10:48,18-Oct-20,NRUSSELL,,,
1566,9,10,1,Thermo Fisher,OIM19121,1,20211231,LH,MW,42,1670,Serum,20210421,2.39,0.268,1.59,3.19,mIU/mL,1,20201018 18:10:48,18-Oct-20,NRUSSELL,,,
1567,9,11,1,Thermo Fisher,OIM19122,2,20211231,LH,MW,42,1670,Serum,20210421,18.1,1.74,12.9,23.3,mIU/mL,1,20201018 18:10:48,18-Oct-20,NRUSSELL,,,
1568,9,12,1,Thermo Fisher,OIM19123,3,20211231,LH,MW,42,1670,Serum,20210421,58.4,5.61,41.6,75.2,mIU/mL,1,20201018 18:10:48,18-Oct-20,NRUSSELL,,,
1569,10,1,1,Thermo Fisher,OIM19121,1,20211231,FSH,MW,28,2660,Serum,20201030,6.02,0.5,4.52,7.52,mIU/mL,1,20201018 18:10:55,18-Oct-20,NRUSSELL,,,
1570,10,2,1,Thermo Fisher,OIM19122,2,20211231,FSH,MW,28,2660,Serum,20201030,20.9,1.32,16.9,24.9,mIU/mL,1,20201018 18:10:55,18-Oct-20,NRUSSELL,,,
1571,10,3,1,Thermo Fisher,OIM19123,3,20211231,FSH,MW,28,2660,Serum,20201030,43.4,3.12,34,52.8,mIU/mL,1,20201018 18:10:55,18-Oct-20,NRUSSELL,,,
1572,10,4,1,Thermo Fisher,OIM19121,1,20211231,FSH,MW,28,2670,Serum,20201203,6.02,0.5,4.52,7.52,mIU/mL,1,20201018 18:10:55,18-Oct-20,NRUSSELL,,,
1573,10,5,1,Thermo Fisher,OIM19122,2,20211231,FSH,MW,28,2670,Serum,20201203,20.9,1.32,16.9,24.9,mIU/mL,1,20201018 18:10:55,18-Oct-20,NRUSSELL,,,
1574,10,6,1,Thermo Fisher,OIM19123,3,20211231,FSH,MW,28,2670,Serum,20201203,43.4,3.12,34,52.8,mIU/mL,1,20201018 18:10:55,18-Oct-20,NRUSSELL,,,
1575,10,7,1,Thermo Fisher,OIM19121,1,20211231,FSH,MW,28,2680,Serum,20201216,6.02,0.5,4.52,7.52,mIU/mL,1,20201018 18:10:55,18-Oct-20,NRUSSELL,,,
1576,10,8,1,Thermo Fisher,OIM19122,2,20211231,FSH,MW,28,2680,Serum,20201216,20.9,1.32,16.9,24.9,mIU/mL,1,20201018 18:10:55,18-Oct-20,NRUSSELL,,,
1577,10,9,1,Thermo Fisher,OIM19123,3,20211231,FSH,MW,28,2680,Serum,20201216,43.4,3.12,34,52.8,mIU/mL,1,20201018 18:10:55,18-Oct-20,NRUSSELL,,,
1578,11,1,1,Thermo Fisher,OIM19121,1,20211231,Prol,MW,46,2470,Serum,20201108,218.2,22.47,150.8,285.68,mIU/L,1,20201018 18:10:35,18-Oct-20,NRUSSELL,,,
1579,11,2,1,Thermo Fisher,OIM19122,2,20211231,Prol,MW,46,2470,Serum,20201108,1278,109.9,948.3,1608,mIU/L,1,20201018 18:10:35,18-Oct-20,NRUSSELL,,,
1580,11,3,1,Thermo Fisher,OIM19123,3,20211231,Prol,MW,46,2470,Serum,20201108,3159,278,2325,3993,mIU/L,1,20201018 18:10:35,18-Oct-20,NRUSSELL,,,
1581,11,4,1,Thermo Fisher,OIM19121,1,20211231,Prol,MW,46,2471,Serum,20201108,218.2,22.47,150.8,285.68,mIU/L,1,20201018 18:10:35,18-Oct-20,NRUSSELL,,,
1582,11,5,1,Thermo Fisher,OIM19122,2,20211231,Prol,MW,46,2471,Serum,20201108,1278,109.9,948.3,1608,mIU/L,1,20201018 18:10:35,18-Oct-20,NRUSSELL,,,
1583,11,6,1,Thermo Fisher,OIM19123,3,20211231,Prol,MW,46,2471,Serum,20201108,3159,278,2325,3993,mIU/L,1,20201018 18:10:35,18-Oct-20,NRUSSELL,,,
1584,11,7,1,Thermo Fisher,OIM19121,1,20211231,Prol,MW,46,2480,Serum,20201213,218.2,22.47,150.8,285.68,mIU/L,1,20201018 18:10:35,18-Oct-20,NRUSSELL,,,
1585,11,8,1,Thermo Fisher,OIM19122,2,20211231,Prol,MW,46,2480,Serum,20201213,1278,109.9,948.3,1608,mIU/L,1,20201018 18:10:35,18-Oct-20,NRUSSELL,,,
1586,11,9,1,Thermo Fisher,OIM19123,3,20211231,Prol,MW,46,2480,Serum,20201213,3159,278,2325,3993,mIU/L,1,20201018 18:10:35,18-Oct-20,NRUSSELL,,,
1587,11,10,1,Thermo Fisher,OIM19121,1,20211231,Prol,MW,46,2490,Serum,20210127,218.2,22.47,150.8,285.68,mIU/L,1,20201018 18:10:35,18-Oct-20,NRUSSELL,,,
1588,11,11,1,Thermo Fisher,OIM19122,2,20211231,Prol,MW,46,2490,Serum,20210127,1278,109.9,948.3,1608,mIU/L,1,20201018 18:10:35,18-Oct-20,NRUSSELL,,,
1589,11,12,1,Thermo Fisher,OIM19123,3,20211231,Prol,MW,46,2490,Serum,20210127,3159,278,2325,3993,mIU/L,1,20201018 18:10:35,18-Oct-20,NRUSSELL,,,
1590,11,13,1,Thermo Fisher,OIM19121,1,20211231,Prol,MW,46,2491,Serum,20210127,218.2,22.47,150.8,285.68,mIU/L,1,20201018 18:10:35,18-Oct-20,NRUSSELL,,,
1591,11,14,1,Thermo Fisher,OIM19122,2,20211231,Prol,MW,46,2491,Serum,20210127,1278,109.9,948.3,1608,mIU/L,1,20201018 18:10:35,18-Oct-20,NRUSSELL,,,
1592,11,15,1,Thermo Fisher,OIM19123,3,20211231,Prol,MW,46,2491,Serum,20210127,3159,278,2325,3993,mIU/L,1,20201018 18:10:35,18-Oct-20,NRUSSELL,,,
1593,12,1,1,Thermo Fisher,OIM19121,1,20211231,Prog,MW,45,2780,Serum,20201029,6.39,0.907,3.67,9.11,nmol/L,1,20201018 18:10:45,18-Oct-20,NRUSSELL,,,
1594,12,2,1,Thermo Fisher,OIM19122,2,20211231,Prog,MW,45,2780,Serum,20201029,25.4,2.16,18.9,31.9,nmol/L,1,20201018 18:10:45,18-Oct-20,NRUSSELL,,,
1595,12,3,1,Thermo Fisher,OIM19123,3,20211231,Prog,MW,45,2780,Serum,20201029,67.8,5.22,52.1,83.5,nmol/L,1,20201018 18:10:45,18-Oct-20,NRUSSELL,,,
1596,12,4,1,Thermo Fisher,OIM19121,1,20211231,Prog,MW,45,2790,Serum,20201129,6.39,0.907,3.67,9.11,nmol/L,1,20201018 18:10:45,18-Oct-20,NRUSSELL,,,
1597,12,5,1,Thermo Fisher,OIM19122,2,20211231,Prog,MW,45,2790,Serum,20201129,25.4,2.16,18.9,31.9,nmol/L,1,20201018 18:10:45,18-Oct-20,NRUSSELL,,,
1598,12,6,1,Thermo Fisher,OIM19123,3,20211231,Prog,MW,45,2790,Serum,20201129,67.8,5.22,52.1,83.5,nmol/L,1,20201018 18:10:45,18-Oct-20,NRUSSELL,,,
1599,12,7,1,Thermo Fisher,OIM19121,1,20211231,Prog,MW,45,2800,Serum,20210105,6.39,0.907,3.67,9.11,nmol/L,1,20201018 18:10:45,18-Oct-20,NRUSSELL,,,
1600,12,8,1,Thermo Fisher,OIM19122,2,20211231,Prog,MW,45,2800,Serum,20210105,25.4,2.16,18.9,31.9,nmol/L,1,20201018 18:10:45,18-Oct-20,NRUSSELL,,,
1601,12,9,1,Thermo Fisher,OIM19123,3,20211231,Prog,MW,45,2800,Serum,20210105,67.8,5.22,52.1,83.5,nmol/L,1,20201018 18:10:45,18-Oct-20,NRUSSELL,,,
1602,13,1,1,Thermo Fisher,OIM19121,1,20211231,B-hCG,MW,62,2280,Serum,20201020,12.57,2.011,6.54,18.6,mIU/mL,1,20201018 18:10:50,18-Oct-20,NRUSSELL,,,
1603,13,2,1,Thermo Fisher,OIM19122,2,20211231,B-hCG,MW,62,2280,Serum,20201020,39.23,3.295,29.35,49.12,mIU/mL,1,20201018 18:10:50,18-Oct-20,NRUSSELL,,,
1604,13,3,1,Thermo Fisher,OIM19123,3,20211231,B-hCG,MW,62,2280,Serum,20201020,291.59,23.91,219.86,363.32,mIU/mL,1,20201018 18:10:50,18-Oct-20,NRUSSELL,,,
1605,13,4,1,Thermo Fisher,OIM19121,1,20211231,B-hCG,MW,62,2290,Serum,20201020,12.57,2.011,6.54,18.6,mIU/mL,1,20201018 18:10:50,18-Oct-20,NRUSSELL,,,
1606,13,5,1,Thermo Fisher,OIM19122,2,20211231,B-hCG,MW,62,2290,Serum,20201020,39.23,3.295,29.35,49.12,mIU/mL,1,20201018 18:10:50,18-Oct-20,NRUSSELL,,,
1607,13,6,1,Thermo Fisher,OIM19123,3,20211231,B-hCG,MW,62,2290,Serum,20201020,291.59,23.91,219.86,363.32,mIU/mL,1,20201018 18:10:50,18-Oct-20,NRUSSELL,,,
1608,13,7,1,Thermo Fisher,OIM19121,1,20211231,B-hCG,MW,62,2300,Serum,20201020,12.57,2.011,6.54,18.6,mIU/mL,1,20201018 18:10:50,18-Oct-20,NRUSSELL,,,
1609,13,8,1,Thermo Fisher,OIM19122,2,20211231,B-hCG,MW,62,2300,Serum,20201020,39.23,3.295,29.35,49.12,mIU/mL,1,20201018 18:10:50,18-Oct-20,NRUSSELL,,,
1610,13,9,1,Thermo Fisher,OIM19123,3,20211231,B-hCG,MW,62,2300,Serum,20201020,291.59,23.91,219.86,363.32,mIU/mL,1,20201018 18:10:50,18-Oct-20,NRUSSELL,,,
1611,13,10,1,Thermo Fisher,OIM19121,1,20211231,B-hCG,MW,62,2310,Serum,20201020,12.57,2.011,6.54,18.6,mIU/mL,1,20201018 18:10:50,18-Oct-20,NRUSSELL,,,
1612,13,11,1,Thermo Fisher,OIM19122,2,20211231,B-hCG,MW,62,2310,Serum,20201020,39.23,3.295,29.35,49.12,mIU/mL,1,20201018 18:10:50,18-Oct-20,NRUSSELL,,,
1613,13,12,1,Thermo Fisher,OIM19123,3,20211231,B-hCG,MW,62,2310,Serum,20201020,291.59,23.91,219.86,363.32,mIU/mL,1,20201018 18:10:50,18-Oct-20,NRUSSELL,,,
1614,13,13,1,Thermo Fisher,OIM19121,1,20211231,B-hCG,MW,62,2320,Serum,20201020,12.57,2.011,6.54,18.6,mIU/mL,1,20201018 18:10:50,18-Oct-20,NRUSSELL,,,
1615,13,14,1,Thermo Fisher,OIM19122,2,20211231,B-hCG,MW,62,2320,Serum,20201020,39.23,3.295,29.35,49.12,mIU/mL,1,20201018 18:10:50,18-Oct-20,NRUSSELL,,,
1616,13,15,1,Thermo Fisher,OIM19123,3,20211231,B-hCG,MW,62,2320,Serum,20201020,291.59,23.91,219.86,363.32,mIU/mL,1,20201018 18:10:50,18-Oct-20,NRUSSELL,,,
1617,13,16,1,Thermo Fisher,OIM19121,1,20211231,B-hCG,MW,62,2330,Serum,20201020,12.57,2.011,6.54,18.6,mIU/mL,1,20201018 18:10:50,18-Oct-20,NRUSSELL,,,
1618,13,17,1,Thermo Fisher,OIM19122,2,20211231,B-hCG,MW,62,2330,Serum,20201020,39.23,3.295,29.35,49.12,mIU/mL,1,20201018 18:10:50,18-Oct-20,NRUSSELL,,,
1619,13,18,1,Thermo Fisher,OIM19123,3,20211231,B-hCG,MW,62,2330,Serum,20201020,291.59,23.91,219.86,363.32,mIU/mL,1,20201018 18:10:50,18-Oct-20,NRUSSELL,,,
1620,13,19,1,Thermo Fisher,OIM19121,1,20211231,B-hCG,MW,62,2335,Serum,20201215,12.57,2.011,6.54,18.6,mIU/mL,1,20201018 18:10:50,18-Oct-20,NRUSSELL,,,
1621,13,20,1,Thermo Fisher,OIM19122,2,20211231,B-hCG,MW,62,2335,Serum,20201215,39.23,3.295,29.35,49.12,mIU/mL,1,20201018 18:10:50,18-Oct-20,NRUSSELL,,,
1622,13,21,1,Thermo Fisher,OIM19123,3,20211231,B-hCG,MW,62,2335,Serum,20201215,291.59,23.91,219.86,363.32,mIU/mL,1,20201018 18:10:50,18-Oct-20,NRUSSELL,,,
1623,13,22,1,Thermo Fisher,OIM19121,1,20211231,B-hCG,MW,62,2340,Serum,20210102,12.57,2.011,6.54,18.6,mIU/mL,1,20201018 18:10:50,18-Oct-20,NRUSSELL,,,
1624,13,23,1,Thermo Fisher,OIM19122,2,20211231,B-hCG,MW,62,2340,Serum,20210102,39.23,3.295,29.35,49.12,mIU/mL,1,20201018 18:10:50,18-Oct-20,NRUSSELL,,,
1625,13,24,1,Thermo Fisher,OIM19123,3,20211231,B-hCG,MW,62,2340,Serum,20210102,291.59,23.91,219.86,363.32,mIU/mL,1,20201018 18:10:50,18-Oct-20,NRUSSELL,,,
1626,13,25,1,Thermo Fisher,OIM19121,1,20211231,B-hCG,MW,62,2350,Serum,20210102,12.57,2.011,6.54,18.6,mIU/mL,1,20201018 18:10:50,18-Oct-20,NRUSSELL,,,
1627,13,26,1,Thermo Fisher,OIM19122,2,20211231,B-hCG,MW,62,2350,Serum,20210102,39.23,3.295,29.35,49.12,mIU/mL,1,20201018 18:10:50,18-Oct-20,NRUSSELL,,,
1628,13,27,1,Thermo Fisher,OIM19123,3,20211231,B-hCG,MW,62,2350,Serum,20210102,291.59,23.91,219.86,363.32,mIU/mL,1,20201018 18:10:50,18-Oct-20,NRUSSELL,,,
1629,13,28,1,Thermo Fisher,OIM19121,1,20211231,B-hCG,MW,62,2360,Serum,20210102,12.57,2.011,6.54,18.6,mIU/mL,1,20201018 18:10:50,18-Oct-20,NRUSSELL,,,
1630,13,29,1,Thermo Fisher,OIM19122,2,20211231,B-hCG,MW,62,2360,Serum,20210102,39.23,3.295,29.35,49.12,mIU/mL,1,20201018 18:10:50,18-Oct-20,NRUSSELL,,,
1631,13,30,1,Thermo Fisher,OIM19123,3,20211231,B-hCG,MW,62,2360,Serum,20210102,291.59,23.91,219.86,363.32,mIU/mL,1,20201018 18:10:50,18-Oct-20,NRUSSELL,,,
1632,13,31,1,Thermo Fisher,OIM19121,1,20211231,B-hCG,MW,62,2370,Serum,20210102,12.57,2.011,6.54,18.6,mIU/mL,1,20201018 18:10:50,18-Oct-20,NRUSSELL,,,
1633,13,32,1,Thermo Fisher,OIM19122,2,20211231,B-hCG,MW,62,2370,Serum,20210102,39.23,3.295,29.35,49.12,mIU/mL,1,20201018 18:10:50,18-Oct-20,NRUSSELL,,,
1634,13,33,1,Thermo Fisher,OIM19123,3,20211231,B-hCG,MW,62,2370,Serum,20210102,291.59,23.91,219.86,363.32,mIU/mL,1,20201018 18:10:50,18-Oct-20,NRUSSELL,,,
1635,13,34,1,Thermo Fisher,OIM19121,1,20211231,B-hCG,MW,62,2380,Serum,20210224,12.57,2.011,6.54,18.6,mIU/mL,1,20201018 18:10:50,18-Oct-20,NRUSSELL,,,
1636,13,35,1,Thermo Fisher,OIM19122,2,20211231,B-hCG,MW,62,2380,Serum,20210224,39.23,3.295,29.35,49.12,mIU/mL,1,20201018 18:10:50,18-Oct-20,NRUSSELL,,,
1637,13,36,1,Thermo Fisher,OIM19123,3,20211231,B-hCG,MW,62,2380,Serum,20210224,291.59,23.91,219.86,363.32,mIU/mL,1,20201018 18:10:50,18-Oct-20,NRUSSELL,,,
1638,13,37,1,Thermo Fisher,OIM19121,1,20211231,B-hCG,MW,62,2390,Serum,20210305,12.57,2.011,6.54,18.6,mIU/mL,1,20201018 18:10:50,18-Oct-20,NRUSSELL,,,
1639,13,38,1,Thermo Fisher,OIM19122,2,20211231,B-hCG,MW,62,2390,Serum,20210305,39.23,3.295,29.35,49.12,mIU/mL,1,20201018 18:10:50,18-Oct-20,NRUSSELL,,,
1640,13,39,1,Thermo Fisher,OIM19123,3,20211231,B-hCG,MW,62,2390,Serum,20210305,291.59,23.91,219.86,363.32,mIU/mL,1,20201018 18:10:50,18-Oct-20,NRUSSELL,,,
1641,13,40,1,Thermo Fisher,OIM19121,1,20211231,B-hCG,MW,62,2400,Serum,20210305,12.57,2.011,6.54,18.6,mIU/mL,1,20201018 18:10:50,18-Oct-20,NRUSSELL,,,
1642,13,41,1,Thermo Fisher,OIM19122,2,20211231,B-hCG,MW,62,2400,Serum,20210305,39.23,3.295,29.35,49.12,mIU/mL,1,20201018 18:10:50,18-Oct-20,NRUSSELL,,,
1643,13,42,1,Thermo Fisher,OIM19123,3,20211231,B-hCG,MW,62,2400,Serum,20210305,291.59,23.91,219.86,363.32,mIU/mL,1,20201018 18:10:50,18-Oct-20,NRUSSELL,,,
1644,13,43,1,Thermo Fisher,OIM19121,1,20211231,B-hCG,MW,62,2410,Serum,20210305,12.57,2.011,6.54,18.6,mIU/mL,1,20201018 18:10:50,18-Oct-20,NRUSSELL,,,
1645,13,44,1,Thermo Fisher,OIM19122,2,20211231,B-hCG,MW,62,2410,Serum,20210305,39.23,3.295,29.35,49.12,mIU/mL,1,20201018 18:10:50,18-Oct-20,NRUSSELL,,,
1646,13,45,1,Thermo Fisher,OIM19123,3,20211231,B-hCG,MW,62,2410,Serum,20210305,291.59,23.91,219.86,363.32,mIU/mL,1,20201018 18:10:50,18-Oct-20,NRUSSELL,,,
1647,13,46,1,Thermo Fisher,OIM19121,1,20211231,B-hCG,MW,62,2420,Serum,20210305,12.57,2.011,6.54,18.6,mIU/mL,1,20201018 18:10:50,18-Oct-20,NRUSSELL,,,
1648,13,47,1,Thermo Fisher,OIM19122,2,20211231,B-hCG,MW,62,2420,Serum,20210305,39.23,3.295,29.35,49.12,mIU/mL,1,20201018 18:10:50,18-Oct-20,NRUSSELL,,,
1649,13,48,1,Thermo Fisher,OIM19123,3,20211231,B-hCG,MW,62,2420,Serum,20210305,291.59,23.91,219.86,363.32,mIU/mL,1,20201018 18:10:50,18-Oct-20,NRUSSELL,,,
1650,13,49,1,Thermo Fisher,OIM19121,1,20211231,B-hCG,MW,62,2430,Serum,20210508,12.57,2.011,6.54,18.6,mIU/mL,1,20201018 18:10:50,18-Oct-20,NRUSSELL,,,
1651,13,50,1,Thermo Fisher,OIM19122,2,20211231,B-hCG,MW,62,2430,Serum,20210508,39.23,3.295,29.35,49.12,mIU/mL,1,20201018 18:10:50,18-Oct-20,NRUSSELL,,,
1652,13,51,1,Thermo Fisher,OIM19123,3,20211231,B-hCG,MW,62,2430,Serum,20210508,291.59,23.91,219.86,363.32,mIU/mL,1,20201018 18:10:50,18-Oct-20,NRUSSELL,,,
1653,13,52,1,Thermo Fisher,OIM19121,1,20211231,B-hCG,MW,62,2435,Serum,20210505,12.57,2.011,6.54,18.6,mIU/mL,1,20201018 18:10:50,18-Oct-20,NRUSSELL,,,
1654,13,53,1,Thermo Fisher,OIM19122,2,20211231,B-hCG,MW,62,2435,Serum,20210505,39.23,3.295,29.35,49.12,mIU/mL,1,20201018 18:10:50,18-Oct-20,NRUSSELL,,,
1655,13,54,1,Thermo Fisher,OIM19123,3,20211231,B-hCG,MW,62,2435,Serum,20210505,291.59,23.91,219.86,363.32,mIU/mL,1,20201018 18:10:50,18-Oct-20,NRUSSELL,,,
1656,13,55,1,Thermo Fisher,OIM19121,1,20211231,B-hCG,MW,62,2440,Serum,20210508,12.57,2.011,6.54,18.6,mIU/mL,1,20201018 18:10:50,18-Oct-20,NRUSSELL,,,
1657,13,56,1,Thermo Fisher,OIM19122,2,20211231,B-hCG,MW,62,2440,Serum,20210508,39.23,3.295,29.35,49.12,mIU/mL,1,20201018 18:10:50,18-Oct-20,NRUSSELL,,,
1658,13,57,1,Thermo Fisher,OIM19123,3,20211231,B-hCG,MW,62,2440,Serum,20210508,291.59,23.91,219.86,363.32,mIU/mL,1,20201018 18:10:50,18-Oct-20,NRUSSELL,,,
1659,13,58,1,Thermo Fisher,OIM19121,1,20211231,B-hCG,MW,62,2450,Serum,20210508,12.57,2.011,6.54,18.6,mIU/mL,1,20201018 18:10:50,18-Oct-20,NRUSSELL,,,
1660,13,59,1,Thermo Fisher,OIM19122,2,20211231,B-hCG,MW,62,2450,Serum,20210508,39.23,3.295,29.35,49.12,mIU/mL,1,20201018 18:10:50,18-Oct-20,NRUSSELL,,,
1661,13,60,1,Thermo Fisher,OIM19123,3,20211231,B-hCG,MW,62,2450,Serum,20210508,291.59,23.91,219.86,363.32,mIU/mL,1,20201018 18:10:50,18-Oct-20,NRUSSELL,,,
1662,13,61,1,Thermo Fisher,OIM19121,1,20211231,B-hCG,MW,62,2455,Serum,20201217,12.57,2.011,6.54,18.6,mIU/mL,1,20201018 18:10:50,18-Oct-20,NRUSSELL,,,
1663,13,62,1,Thermo Fisher,OIM19122,2,20211231,B-hCG,MW,62,2455,Serum,20201217,39.23,3.295,29.35,49.12,mIU/mL,1,20201018 18:10:50,18-Oct-20,NRUSSELL,,,
1664,13,63,1,Thermo Fisher,OIM19123,3,20211231,B-hCG,MW,62,2455,Serum,20201217,291.59,23.91,219.86,363.32,mIU/mL,1,20201018 18:10:50,18-Oct-20,NRUSSELL,,,
1665,13,64,1,Thermo Fisher,OIM19121,1,20211231,B-hCG,MW,62,2460,Serum,20210508,12.57,2.011,6.54,18.6,mIU/mL,1,20201018 18:10:50,18-Oct-20,NRUSSELL,,,
1666,13,65,1,Thermo Fisher,OIM19122,2,20211231,B-hCG,MW,62,2460,Serum,20210508,39.23,3.295,29.35,49.12,mIU/mL,1,20201018 18:10:50,18-Oct-20,NRUSSELL,,,
1667,13,66,1,Thermo Fisher,OIM19123,3,20211231,B-hCG,MW,62,2460,Serum,20210508,291.59,23.91,219.86,363.32,mIU/mL,1,20201018 18:10:50,18-Oct-20,NRUSSELL,,,
1668,14,1,1,Thermo Fisher,OIM19121,1,20211231,Testo,MW,51,2710,Serum,20201020,2.09,0.255,1.33,2.86,nmol/L,1,20201018 18:10:54,18-Oct-20,NRUSSELL,,,
1669,14,2,1,Thermo Fisher,OIM19122,2,20211231,Testo,MW,51,2710,Serum,20201020,8.46,1.032,5.36,11.6,nmol/L,1,20201018 18:10:54,18-Oct-20,NRUSSELL,,,
1670,14,3,1,Thermo Fisher,OIM19123,3,20211231,Testo,MW,51,2710,Serum,20201020,54.5,4.91,39.8,69.2,nmol/L,1,20201018 18:10:54,18-Oct-20,NRUSSELL,,,
1671,14,4,1,Thermo Fisher,OIM19121,1,20211231,Testo,MW,51,2716,Serum,20201020,2.09,0.255,1.33,2.86,nmol/L,1,20201018 18:10:54,18-Oct-20,NRUSSELL,,,
1672,14,5,1,Thermo Fisher,OIM19122,2,20211231,Testo,MW,51,2716,Serum,20201020,8.46,1.032,5.36,11.6,nmol/L,1,20201018 18:10:54,18-Oct-20,NRUSSELL,,,
1673,14,6,1,Thermo Fisher,OIM19123,3,20211231,Testo,MW,51,2716,Serum,20201020,54.5,4.91,39.8,69.2,nmol/L,1,20201018 18:10:54,18-Oct-20,NRUSSELL,,,
1674,14,7,1,Thermo Fisher,OIM19121,1,20211231,Testo,MW,51,2720,Serum,20201113,2.09,0.255,1.33,2.86,nmol/L,1,20201018 18:10:54,18-Oct-20,NRUSSELL,,,
1675,14,8,1,Thermo Fisher,OIM19122,2,20211231,Testo,MW,51,2720,Serum,20201113,8.46,1.032,5.36,11.6,nmol/L,1,20201018 18:10:54,18-Oct-20,NRUSSELL,,,
1676,14,9,1,Thermo Fisher,OIM19123,3,20211231,Testo,MW,51,2720,Serum,20201113,54.5,4.91,39.8,69.2,nmol/L,1,20201018 18:10:54,18-Oct-20,NRUSSELL,,,
1677,14,10,1,Thermo Fisher,OIM19121,1,20211231,Testo,MW,51,2730,Serum,20201205,2.09,0.255,1.33,2.86,nmol/L,1,20201018 18:10:54,18-Oct-20,NRUSSELL,,,
1678,14,11,1,Thermo Fisher,OIM19122,2,20211231,Testo,MW,51,2730,Serum,20201205,8.46,1.032,5.36,11.6,nmol/L,1,20201018 18:10:54,18-Oct-20,NRUSSELL,,,
1679,14,12,1,Thermo Fisher,OIM19123,3,20211231,Testo,MW,51,2730,Serum,20201205,54.5,4.91,39.8,69.2,nmol/L,1,20201018 18:10:54,18-Oct-20,NRUSSELL,,,
1680,14,13,1,Thermo Fisher,OIM19121,1,20211231,Testo,MW,51,2740,Serum,20210102,2.09,0.255,1.33,2.86,nmol/L,1,20201018 18:10:54,18-Oct-20,NRUSSELL,,,
1681,14,14,1,Thermo Fisher,OIM19122,2,20211231,Testo,MW,51,2740,Serum,20210102,8.46,1.032,5.36,11.6,nmol/L,1,20201018 18:10:54,18-Oct-20,NRUSSELL,,,
1682,14,15,1,Thermo Fisher,OIM19123,3,20211231,Testo,MW,51,2740,Serum,20210102,54.5,4.91,39.8,69.2,nmol/L,1,20201018 18:10:54,18-Oct-20,NRUSSELL,,,
1683,15,1,1,Thermo Fisher,OIM19122,2,20211231,AFP,MW,1,1681,Serum,20210416,54.5,3.54,43.9,65.1,IU/mL,1,20201018 18:10:00,18-Oct-20,NRUSSELL,,,
1684,15,2,1,Thermo Fisher,OIM19123,3,20211231,AFP,MW,1,1681,Serum,20210416,192,14.2,149,235,IU/mL,1,20201018 18:10:00,18-Oct-20,NRUSSELL,,,
1685,15,3,1,Thermo Fisher,OIM19121,1,20211231,AFP,MW,1,1681,Serum,20210416,9.22,0.618,7.37,11.1,IU/mL,1,20201018 18:10:00,18-Oct-20,NRUSSELL,,,
1686,15,4,1,Thermo Fisher,OIM19122,2,20211231,AFP,MW,1,1700,Serum,20201023,54.5,3.54,43.9,65.1,IU/mL,1,20201018 18:10:00,18-Oct-20,NRUSSELL,,,
1687,15,5,1,Thermo Fisher,OIM19123,3,20211231,AFP,MW,1,1700,Serum,20201023,192,14.2,149,235,IU/mL,1,20201018 18:10:00,18-Oct-20,NRUSSELL,,,
1688,15,6,1,Thermo Fisher,OIM19121,1,20211231,AFP,MW,1,1700,Serum,20201023,9.22,0.618,7.37,11.1,IU/mL,1,20201018 18:10:00,18-Oct-20,NRUSSELL,,,
1689,15,7,1,Thermo Fisher,OIM19122,2,20211231,AFP,MW,1,1710,Serum,20201128,54.5,3.54,43.9,65.1,IU/mL,1,20201018 18:10:00,18-Oct-20,NRUSSELL,,,
1690,15,8,1,Thermo Fisher,OIM19123,3,20211231,AFP,MW,1,1710,Serum,20201128,192,14.2,149,235,IU/mL,1,20201018 18:10:00,18-Oct-20,NRUSSELL,,,
1691,15,9,1,Thermo Fisher,OIM19121,1,20211231,AFP,MW,1,1710,Serum,20201128,9.22,0.618,7.37,11.1,IU/mL,1,20201018 18:10:00,18-Oct-20,NRUSSELL,,,
1692,15,10,1,Thermo Fisher,OIM19122,2,20211231,AFP,MW,1,1720,Serum,20210219,54.5,3.54,43.9,65.1,IU/mL,1,20201018 18:10:00,18-Oct-20,NRUSSELL,,,
1693,15,11,1,Thermo Fisher,OIM19123,3,20211231,AFP,MW,1,1720,Serum,20210219,192,14.2,149,235,IU/mL,1,20201018 18:10:00,18-Oct-20,NRUSSELL,,,
1694,15,12,1,Thermo Fisher,OIM19121,1,20211231,AFP,MW,1,1720,Serum,20210219,9.22,0.618,7.37,11.1,IU/mL,1,20201018 18:10:00,18-Oct-20,NRUSSELL,,,
1695,15,13,1,Thermo Fisher,OIM19122,2,20211231,AFP,MW,1,1730,Serum,20210416,54.5,3.54,43.9,65.1,IU/mL,1,20201018 18:10:00,18-Oct-20,NRUSSELL,,,
1696,15,14,1,Thermo Fisher,OIM19123,3,20211231,AFP,MW,1,1730,Serum,20210416,192,14.2,149,235,IU/mL,1,20201018 18:10:00,18-Oct-20,NRUSSELL,,,
1697,15,15,1,Thermo Fisher,OIM19121,1,20211231,AFP,MW,1,1730,Serum,20210416,9.22,0.618,7.37,11.1,IU/mL,1,20201018 18:10:00,18-Oct-20,NRUSSELL,,,
1698,16,1,1,Thermo Fisher,OIM19121,1,20211231,CEA,MW,18,2660,Serum,20201107,5,0.41,,,ng/mL,1,20201018 18:10:16,18-Oct-20,NRUSSELL,,,
1699,16,2,1,Thermo Fisher,OIM19122,2,20211231,CEA,MW,18,2660,Serum,20201107,32.4,2.63,,,ng/mL,1,20201018 18:10:16,18-Oct-20,NRUSSELL,,,
1700,16,3,1,Thermo Fisher,OIM19123,3,20211231,CEA,MW,18,2660,Serum,20201107,187,15.1,,,ng/mL,1,20201018 18:10:16,18-Oct-20,NRUSSELL,,,
1701,16,4,1,Thermo Fisher,OIM19121,1,20211231,CEA,MW,18,2670,Serum,20201206,5,0.41,,,ng/mL,1,20201018 18:10:16,18-Oct-20,NRUSSELL,,,
1702,16,5,1,Thermo Fisher,OIM19122,2,20211231,CEA,MW,18,2670,Serum,20201206,32.4,2.63,,,ng/mL,1,20201018 18:10:16,18-Oct-20,NRUSSELL,,,
1703,16,6,1,Thermo Fisher,OIM19123,3,20211231,CEA,MW,18,2670,Serum,20201206,187,15.1,,,ng/mL,1,20201018 18:10:16,18-Oct-20,NRUSSELL,,,
1704,16,7,1,Thermo Fisher,OIM19121,1,20211231,CEA,MW,18,2680,Serum,20210103,5,0.41,,,ng/mL,1,20201018 18:10:16,18-Oct-20,NRUSSELL,,,
1705,16,8,1,Thermo Fisher,OIM19122,2,20211231,CEA,MW,18,2680,Serum,20210103,32.4,2.63,,,ng/mL,1,20201018 18:10:16,18-Oct-20,NRUSSELL,,,
1706,16,9,1,Thermo Fisher,OIM19123,3,20211231,CEA,MW,18,2680,Serum,20210103,187,15.1,,,ng/mL,1,20201018 18:10:16,18-Oct-20,NRUSSELL,,,
1707,16,10,1,Thermo Fisher,OIM19121,1,20211231,CEA,MW,18,7999,Serum,20201122,5,0.41,,,ng/mL,1,20201018 18:10:16,18-Oct-20,NRUSSELL,,,
1708,16,11,1,Thermo Fisher,OIM19122,2,20211231,CEA,MW,18,7999,Serum,20201122,32.4,2.63,,,ng/mL,1,20201018 18:10:16,18-Oct-20,NRUSSELL,,,
1709,16,12,1,Thermo Fisher,OIM19123,3,20211231,CEA,MW,18,7999,Serum,20201122,187,15.1,,,ng/mL,1,20201018 18:10:16,18-Oct-20,NRUSSELL,,,
1710,17,1,1,Thermo Fisher,OIM19121,1,20211231,PSA,MW,47,3730,Serum,20201023,1.78,0.16,,,ng/mL,1,20201018 18:10:22,18-Oct-20,NRUSSELL,,,
1711,17,2,1,Thermo Fisher,OIM19122,2,20211231,PSA,MW,47,3730,Serum,20201023,2.49,0.25,,,ng/mL,1,20201018 18:10:22,18-Oct-20,NRUSSELL,,,
1712,17,3,1,Thermo Fisher,OIM19123,3,20211231,PSA,MW,47,3730,Serum,20201023,23.4,2.08,,,ng/mL,1,20201018 18:10:22,18-Oct-20,NRUSSELL,,,
1713,17,4,1,Thermo Fisher,OIM19121,1,20211231,PSA,MW,47,3740,Serum,20201118,1.78,0.16,,,ng/mL,1,20201018 18:10:22,18-Oct-20,NRUSSELL,,,
1714,17,5,1,Thermo Fisher,OIM19122,2,20211231,PSA,MW,47,3740,Serum,20201118,2.49,0.25,,,ng/mL,1,20201018 18:10:22,18-Oct-20,NRUSSELL,,,
1715,17,6,1,Thermo Fisher,OIM19123,3,20211231,PSA,MW,47,3740,Serum,20201118,23.4,2.08,,,ng/mL,1,20201018 18:10:22,18-Oct-20,NRUSSELL,,,
1716,17,7,1,Thermo Fisher,OIM19121,1,20211231,PSA,MW,47,3750,Serum,20201231,1.78,0.16,,,ng/mL,1,20201018 18:10:22,18-Oct-20,NRUSSELL,,,
1717,17,8,1,Thermo Fisher,OIM19122,2,20211231,PSA,MW,47,3750,Serum,20201231,2.49,0.25,,,ng/mL,1,20201018 18:10:22,18-Oct-20,NRUSSELL,,,
1718,17,9,1,Thermo Fisher,OIM19123,3,20211231,PSA,MW,47,3750,Serum,20201231,23.4,2.08,,,ng/mL,1,20201018 18:10:22,18-Oct-20,NRUSSELL,,,
1719,18,1,1,Thermo Fisher,OIM19121,1,20211231,CA125,MW,15,1610,Serum,20201205,44.2,3.36,,,U/mL,1,20201018 18:10:30,18-Oct-20,NRUSSELL,,,
1720,18,2,1,Thermo Fisher,OIM19122,2,20211231,CA125,MW,15,1610,Serum,20201205,104,8,,,U/mL,1,20201018 18:10:30,18-Oct-20,NRUSSELL,,,
1721,18,3,1,Thermo Fisher,OIM19123,3,20211231,CA125,MW,15,1610,Serum,20201205,422,29.8,,,U/mL,1,20201018 18:10:30,18-Oct-20,NRUSSELL,,,
1722,18,4,1,Thermo Fisher,OIM19121,1,20211231,CA125,MW,15,1620,Serum,20210216,44.2,3.36,,,U/mL,1,20201018 18:10:30,18-Oct-20,NRUSSELL,,,
1723,18,5,1,Thermo Fisher,OIM19122,2,20211231,CA125,MW,15,1620,Serum,20210216,104,8,,,U/mL,1,20201018 18:10:30,18-Oct-20,NRUSSELL,,,
1724,18,6,1,Thermo Fisher,OIM19123,3,20211231,CA125,MW,15,1620,Serum,20210216,422,29.8,,,U/mL,1,20201018 18:10:30,18-Oct-20,NRUSSELL,,,
1725,19,1,1,Thermo Fisher,OIM19121,1,20211231,CA153,MW,16,1530,Serum,20201209,19.7,2.09,,,U/mL,1,20201018 18:10:34,18-Oct-20,NRUSSELL,,,
1726,19,2,1,Thermo Fisher,OIM19122,2,20211231,CA153,MW,16,1530,Serum,20201209,80.2,7.94,,,U/mL,1,20201018 18:10:34,18-Oct-20,NRUSSELL,,,
1727,19,3,1,Thermo Fisher,OIM19123,3,20211231,CA153,MW,16,1530,Serum,20201209,187,18.5,,,U/mL,1,20201018 18:10:34,18-Oct-20,NRUSSELL,,,
1728,19,4,1,Thermo Fisher,OIM19121,1,20211231,CA153,MW,16,1540,Serum,20210209,19.7,2.09,,,U/mL,1,20201018 18:10:34,18-Oct-20,NRUSSELL,,,
1729,19,5,1,Thermo Fisher,OIM19122,2,20211231,CA153,MW,16,1540,Serum,20210209,80.2,7.94,,,U/mL,1,20201018 18:10:34,18-Oct-20,NRUSSELL,,,
1730,19,6,1,Thermo Fisher,OIM19123,3,20211231,CA153,MW,16,1540,Serum,20210209,187,18.5,,,U/mL,1,20201018 18:10:34,18-Oct-20,NRUSSELL,,,
1731,19,7,1,Thermo Fisher,OIM19121,1,20211231,CA153,MW,16,1550,Serum,20210429,19.7,2.09,,,U/mL,1,20201018 18:10:34,18-Oct-20,NRUSSELL,,,
1732,19,8,1,Thermo Fisher,OIM19122,2,20211231,CA153,MW,16,1550,Serum,20210429,80.2,7.94,,,U/mL,1,20201018 18:10:34,18-Oct-20,NRUSSELL,,,
1733,19,9,1,Thermo Fisher,OIM19123,3,20211231,CA153,MW,16,1550,Serum,20210429,187,18.5,,,U/mL,1,20201018 18:10:34,18-Oct-20,NRUSSELL,,,
1734,19,10,1,Thermo Fisher,OIM19121,1,20211231,CA153,MW,16,8808,Serum,20201231,19.7,2.09,,,U/mL,1,20201018 18:10:34,18-Oct-20,NRUSSELL,,,
1735,19,11,1,Thermo Fisher,OIM19122,2,20211231,CA153,MW,16,8808,Serum,20201231,80.2,7.94,,,U/mL,1,20201018 18:10:34,18-Oct-20,NRUSSELL,,,
1736,19,12,1,Thermo Fisher,OIM19123,3,20211231,CA153,MW,16,8808,Serum,20201231,187,18.5,,,U/mL,1,20201018 18:10:34,18-Oct-20,NRUSSELL,,,
1737,20,1,1,Thermo Fisher,OIM19121,1,20211231,CA199,MW,103,1630,Serum,20201020,0,0,,,U/mL,1,20201018 18:10:38,18-Oct-20,NRUSSELL,,,
1738,20,2,1,Thermo Fisher,OIM19122,2,20211231,CA199,MW,103,1630,Serum,20201020,32.2,3.15,,,U/mL,1,20201018 18:10:38,18-Oct-20,NRUSSELL,,,
1739,20,3,1,Thermo Fisher,OIM19123,3,20211231,CA199,MW,103,1630,Serum,20201020,334,32.4,,,U/mL,1,20201018 18:10:38,18-Oct-20,NRUSSELL,,,
1740,20,4,1,Thermo Fisher,OIM19121,1,20211231,CA199,MW,103,1640,Serum,20210103,0,0,,,U/mL,1,20201018 18:10:38,18-Oct-20,NRUSSELL,,,
1741,20,5,1,Thermo Fisher,OIM19122,2,20211231,CA199,MW,103,1640,Serum,20210103,32.2,3.15,,,U/mL,1,20201018 18:10:38,18-Oct-20,NRUSSELL,,,
1742,20,6,1,Thermo Fisher,OIM19123,3,20211231,CA199,MW,103,1640,Serum,20210103,334,32.4,,,U/mL,1,20201018 18:10:38,18-Oct-20,NRUSSELL,,,
1743,21,1,1,Thermo Fisher,OIM19121,1,20211231,Ferr,MW,25,2070,Serum,20201119,9.42,0.754,7.16,11.7,ng/mL,1,20201018 18:10:04,18-Oct-20,NRUSSELL,,,
1744,21,2,1,Thermo Fisher,OIM19122,2,20211231,Ferr,MW,25,2070,Serum,20201119,147,13.1,108,186,ng/mL,1,20201018 18:10:04,18-Oct-20,NRUSSELL,,,
1745,21,3,1,Thermo Fisher,OIM19123,3,20211231,Ferr,MW,25,2070,Serum,20201119,437,39.8,318,556,ng/mL,1,20201018 18:10:04,18-Oct-20,NRUSSELL,,,
1746,21,4,1,Thermo Fisher,OIM19121,1,20211231,Ferr,MW,25,2080,Serum,20201222,9.42,0.754,7.16,11.7,ng/mL,1,20201018 18:10:04,18-Oct-20,NRUSSELL,,,
1747,21,5,1,Thermo Fisher,OIM19122,2,20211231,Ferr,MW,25,2080,Serum,20201222,147,13.1,108,186,ng/mL,1,20201018 18:10:04,18-Oct-20,NRUSSELL,,,
1748,21,6,1,Thermo Fisher,OIM19123,3,20211231,Ferr,MW,25,2080,Serum,20201222,437,39.8,318,556,ng/mL,1,20201018 18:10:04,18-Oct-20,NRUSSELL,,,
1749,21,7,1,Thermo Fisher,OIM19121,1,20211231,Ferr,MW,25,2090,Serum,20210109,9.42,0.754,7.16,11.7,ng/mL,1,20201018 18:10:04,18-Oct-20,NRUSSELL,,,
1750,21,8,1,Thermo Fisher,OIM19122,2,20211231,Ferr,MW,25,2090,Serum,20210109,147,13.1,108,186,ng/mL,1,20201018 18:10:04,18-Oct-20,NRUSSELL,,,
1751,21,9,1,Thermo Fisher,OIM19123,3,20211231,Ferr,MW,25,2090,Serum,20210109,437,39.8,318,556,ng/mL,1,20201018 18:10:04,18-Oct-20,NRUSSELL,,,
1752,21,10,1,Thermo Fisher,OIM19121,1,20211231,Ferr,MW,25,2100,Serum,20210304,9.42,0.754,7.16,11.7,ng/mL,1,20201018 18:10:04,18-Oct-20,NRUSSELL,,,
1753,21,11,1,Thermo Fisher,OIM19122,2,20211231,Ferr,MW,25,2100,Serum,20210304,147,13.1,108,186,ng/mL,1,20201018 18:10:04,18-Oct-20,NRUSSELL,,,
1754,21,12,1,Thermo Fisher,OIM19123,3,20211231,Ferr,MW,25,2100,Serum,20210304,437,39.8,318,556,ng/mL,1,20201018 18:10:04,18-Oct-20,NRUSSELL,,,
1755,21,13,1,Thermo Fisher,OIM19121,1,20211231,Ferr,MW,25,2110,Serum,20210326,9.42,0.754,7.16,11.7,ng/mL,1,20201018 18:10:04,18-Oct-20,NRUSSELL,,,
1756,21,14,1,Thermo Fisher,OIM19122,2,20211231,Ferr,MW,25,2110,Serum,20210326,147,13.1,108,186,ng/mL,1,20201018 18:10:04,18-Oct-20,NRUSSELL,,,
1757,21,15,1,Thermo Fisher,OIM19123,3,20211231,Ferr,MW,25,2110,Serum,20210326,437,39.8,318,556,ng/mL,1,20201018 18:10:04,18-Oct-20,NRUSSELL,,,
1758,22,1,1,Thermo Fisher,OIM19121,1,20211231,B12,MW,14,2730,Serum,20201022,259,33.4,159,359,pg/mL,1,20201018 18:10:07,18-Oct-20,NRUSSELL,,,
1759,22,2,1,Thermo Fisher,OIM19122,2,20211231,B12,MW,14,2730,Serum,20201022,374,48.2,229,519,pg/mL,1,20201018 18:10:07,18-Oct-20,NRUSSELL,,,
1760,22,3,1,Thermo Fisher,OIM19123,3,20211231,B12,MW,14,2730,Serum,20201022,680,87.7,417,943,pg/mL,1,20201018 18:10:07,18-Oct-20,NRUSSELL,,,
1761,22,4,1,Thermo Fisher,OIM19121,1,20211231,B12,MW,14,2740,Serum,20201112,259,33.4,159,359,pg/mL,1,20201018 18:10:07,18-Oct-20,NRUSSELL,,,
1762,22,5,1,Thermo Fisher,OIM19122,2,20211231,B12,MW,14,2740,Serum,20201112,374,48.2,229,519,pg/mL,1,20201018 18:10:07,18-Oct-20,NRUSSELL,,,
1763,22,6,1,Thermo Fisher,OIM19123,3,20211231,B12,MW,14,2740,Serum,20201112,680,87.7,417,943,pg/mL,1,20201018 18:10:07,18-Oct-20,NRUSSELL,,,
1764,22,7,1,Thermo Fisher,OIM19121,1,20211231,B12,MW,14,2750,Serum,20201125,259,33.4,159,359,pg/mL,1,20201018 18:10:07,18-Oct-20,NRUSSELL,,,
1765,22,8,1,Thermo Fisher,OIM19122,2,20211231,B12,MW,14,2750,Serum,20201125,374,48.2,229,519,pg/mL,1,20201018 18:10:07,18-Oct-20,NRUSSELL,,,
1766,22,9,1,Thermo Fisher,OIM19123,3,20211231,B12,MW,14,2750,Serum,20201125,680,87.7,417,943,pg/mL,1,20201018 18:10:07,18-Oct-20,NRUSSELL,,,
1767,22,10,1,Thermo Fisher,OIM19121,1,20211231,B12,MW,14,2760,Serum,20201224,259,33.4,159,359,pg/mL,1,20201018 18:10:07,18-Oct-20,NRUSSELL,,,
1768,22,11,1,Thermo Fisher,OIM19122,2,20211231,B12,MW,14,2760,Serum,20201224,374,48.2,229,519,pg/mL,1,20201018 18:10:07,18-Oct-20,NRUSSELL,,,
1769,22,12,1,Thermo Fisher,OIM19123,3,20211231,B12,MW,14,2760,Serum,20201224,680,87.7,417,943,pg/mL,1,20201018 18:10:07,18-Oct-20,NRUSSELL,,,
1770,22,13,1,Thermo Fisher,OIM19121,1,20211231,B12,MW,14,2770,Serum,20201230,259,33.4,159,359,pg/mL,1,20201018 18:10:07,18-Oct-20,NRUSSELL,,,
1771,22,14,1,Thermo Fisher,OIM19122,2,20211231,B12,MW,14,2770,Serum,20201230,374,48.2,229,519,pg/mL,1,20201018 18:10:07,18-Oct-20,NRUSSELL,,,
1772,22,15,1,Thermo Fisher,OIM19123,3,20211231,B12,MW,14,2770,Serum,20201230,680,87.7,417,943,pg/mL,1,20201018 18:10:07,18-Oct-20,NRUSSELL,,,
1773,22,16,1,Thermo Fisher,OIM19121,1,20211231,B12,MW,14,2780,Serum,20210116,259,33.4,159,359,pg/mL,1,20201018 18:10:07,18-Oct-20,NRUSSELL,,,
1774,22,17,1,Thermo Fisher,OIM19122,2,20211231,B12,MW,14,2780,Serum,20210116,374,48.2,229,519,pg/mL,1,20201018 18:10:07,18-Oct-20,NRUSSELL,,,
1775,22,18,1,Thermo Fisher,OIM19123,3,20211231,B12,MW,14,2780,Serum,20210116,680,87.7,417,943,pg/mL,1,20201018 18:10:07,18-Oct-20,NRUSSELL,,,
1776,22,19,1,Thermo Fisher,OIM19121,1,20211231,B12,MW,14,2790,Serum,20210209,259,33.4,159,359,pg/mL,1,20201018 18:10:07,18-Oct-20,NRUSSELL,,,
1777,22,20,1,Thermo Fisher,OIM19122,2,20211231,B12,MW,14,2790,Serum,20210209,374,48.2,229,519,pg/mL,1,20201018 18:10:07,18-Oct-20,NRUSSELL,,,
1778,22,21,1,Thermo Fisher,OIM19123,3,20211231,B12,MW,14,2790,Serum,20210209,680,87.7,417,943,pg/mL,1,20201018 18:10:07,18-Oct-20,NRUSSELL,,,
1779,22,22,1,Thermo Fisher,OIM19121,1,20211231,B12,MW,14,2800,Serum,20210223,259,33.4,159,359,pg/mL,1,20201018 18:10:07,18-Oct-20,NRUSSELL,,,
1780,22,23,1,Thermo Fisher,OIM19122,2,20211231,B12,MW,14,2800,Serum,20210223,374,48.2,229,519,pg/mL,1,20201018 18:10:07,18-Oct-20,NRUSSELL,,,
1781,22,24,1,Thermo Fisher,OIM19123,3,20211231,B12,MW,14,2800,Serum,20210223,680,87.7,417,943,pg/mL,1,20201018 18:10:07,18-Oct-20,NRUSSELL,,,
1782,22,25,1,Thermo Fisher,OIM19121,1,20211231,B12,MW,14,2810,Serum,20210313,259,33.4,159,359,pg/mL,1,20201018 18:10:07,18-Oct-20,NRUSSELL,,,
1783,22,26,1,Thermo Fisher,OIM19122,2,20211231,B12,MW,14,2810,Serum,20210313,374,48.2,229,519,pg/mL,1,20201018 18:10:07,18-Oct-20,NRUSSELL,,,
1784,22,27,1,Thermo Fisher,OIM19123,3,20211231,B12,MW,14,2810,Serum,20210313,680,87.7,417,943,pg/mL,1,20201018 18:10:07,18-Oct-20,NRUSSELL,,,
1785,22,28,1,Thermo Fisher,OIM19121,1,20211231,B12,MW,14,2820,Serum,20210403,259,33.4,159,359,pg/mL,1,20201018 18:10:07,18-Oct-20,NRUSSELL,,,
1786,22,29,1,Thermo Fisher,OIM19122,2,20211231,B12,MW,14,2820,Serum,20210403,374,48.2,229,519,pg/mL,1,20201018 18:10:07,18-Oct-20,NRUSSELL,,,
1787,22,30,1,Thermo Fisher,OIM19123,3,20211231,B12,MW,14,2820,Serum,20210403,680,87.7,417,943,pg/mL,1,20201018 18:10:07,18-Oct-20,NRUSSELL,,,
1788,22,31,1,Thermo Fisher,OIM19121,1,20211231,B12,MW,14,2821,Serum,20210413,259,33.4,159,359,pg/mL,1,20201018 18:10:07,18-Oct-20,NRUSSELL,,,
1789,22,32,1,Thermo Fisher,OIM19122,2,20211231,B12,MW,14,2821,Serum,20210413,374,48.2,229,519,pg/mL,1,20201018 18:10:07,18-Oct-20,NRUSSELL,,,
1790,22,33,1,Thermo Fisher,OIM19123,3,20211231,B12,MW,14,2821,Serum,20210413,680,87.7,417,943,pg/mL,1,20201018 18:10:07,18-Oct-20,NRUSSELL,,,
1791,22,34,1,Thermo Fisher,OIM19121,1,20211231,B12,MW,14,2830,Serum,20210417,259,33.4,159,359,pg/mL,1,20201018 18:10:07,18-Oct-20,NRUSSELL,,,
1792,22,35,1,Thermo Fisher,OIM19122,2,20211231,B12,MW,14,2830,Serum,20210417,374,48.2,229,519,pg/mL,1,20201018 18:10:07,18-Oct-20,NRUSSELL,,,
1793,22,36,1,Thermo Fisher,OIM19123,3,20211231,B12,MW,14,2830,Serum,20210417,680,87.7,417,943,pg/mL,1,20201018 18:10:07,18-Oct-20,NRUSSELL,,,
1794,22,37,1,Thermo Fisher,OIM19121,1,20211231,B12,MW,14,2831,Serum,20210429,259,33.4,159,359,pg/mL,1,20201018 18:10:07,18-Oct-20,NRUSSELL,,,
1795,22,38,1,Thermo Fisher,OIM19122,2,20211231,B12,MW,14,2831,Serum,20210429,374,48.2,229,519,pg/mL,1,20201018 18:10:07,18-Oct-20,NRUSSELL,,,
1796,22,39,1,Thermo Fisher,OIM19123,3,20211231,B12,MW,14,2831,Serum,20210429,680,87.7,417,943,pg/mL,1,20201018 18:10:07,18-Oct-20,NRUSSELL,,,
1797,22,40,1,Thermo Fisher,OIM19121,1,20211231,B12,MW,14,2840,Serum,20201120,259,33.4,159,359,pg/mL,1,20201018 18:10:07,18-Oct-20,NRUSSELL,,,
1798,22,41,1,Thermo Fisher,OIM19122,2,20211231,B12,MW,14,2840,Serum,20201120,374,48.2,229,519,pg/mL,1,20201018 18:10:07,18-Oct-20,NRUSSELL,,,
1799,22,42,1,Thermo Fisher,OIM19123,3,20211231,B12,MW,14,2840,Serum,20201120,680,87.7,417,943,pg/mL,1,20201018 18:10:07,18-Oct-20,NRUSSELL,,,
1800,22,43,1,Thermo Fisher,OIM19121,1,20211231,B12,MW,14,9797,Serum,20210813,259,33.4,159,359,pg/mL,1,20201018 18:10:07,18-Oct-20,NRUSSELL,,,
1801,22,44,1,Thermo Fisher,OIM19122,2,20211231,B12,MW,14,9797,Serum,20210813,374,48.2,229,519,pg/mL,1,20201018 18:10:07,18-Oct-20,NRUSSELL,,,
1802,22,45,1,Thermo Fisher,OIM19123,3,20211231,B12,MW,14,9797,Serum,20210813,680,87.7,417,943,pg/mL,1,20201018 18:10:07,18-Oct-20,NRUSSELL,,,
1803,23,1,1,Thermo Fisher,OIM19121,1,20211231,Fol,MW,26,2630,Serum,20201025,2.61,0.363,1.52,3.7,ng/mL,1,20201018 18:10:12,18-Oct-20,NRUSSELL,,,
1804,23,2,1,Thermo Fisher,OIM19122,2,20211231,Fol,MW,26,2630,Serum,20201025,6.49,0.72,4.33,8.65,ng/mL,1,20201018 18:10:12,18-Oct-20,NRUSSELL,,,
1805,23,3,1,Thermo Fisher,OIM19123,3,20211231,Fol,MW,26,2630,Serum,20201025,14.4,1.67,9.39,19.4,ng/mL,1,20201018 18:10:12,18-Oct-20,NRUSSELL,,,
1806,23,4,1,Thermo Fisher,OIM19121,1,20211231,Fol,MW,26,2632,Serum,20201031,2.61,0.363,1.52,3.7,ng/mL,1,20201018 18:10:12,18-Oct-20,NRUSSELL,,,
1807,23,5,1,Thermo Fisher,OIM19122,2,20211231,Fol,MW,26,2632,Serum,20201031,6.49,0.72,4.33,8.65,ng/mL,1,20201018 18:10:12,18-Oct-20,NRUSSELL,,,
1808,23,6,1,Thermo Fisher,OIM19123,3,20211231,Fol,MW,26,2632,Serum,20201031,14.4,1.67,9.39,19.4,ng/mL,1,20201018 18:10:12,18-Oct-20,NRUSSELL,,,
1809,23,7,1,Thermo Fisher,OIM19121,1,20211231,Fol,MW,26,2634,Serum,20201219,2.61,0.363,1.52,3.7,ng/mL,1,20201018 18:10:12,18-Oct-20,NRUSSELL,,,
1810,23,8,1,Thermo Fisher,OIM19122,2,20211231,Fol,MW,26,2634,Serum,20201219,6.49,0.72,4.33,8.65,ng/mL,1,20201018 18:10:12,18-Oct-20,NRUSSELL,,,
1811,23,9,1,Thermo Fisher,OIM19123,3,20211231,Fol,MW,26,2634,Serum,20201219,14.4,1.67,9.39,19.4,ng/mL,1,20201018 18:10:12,18-Oct-20,NRUSSELL,,,
1812,23,10,1,Thermo Fisher,OIM19121,1,20211231,Fol,MW,26,2640,Serum,20210106,2.61,0.363,1.52,3.7,ng/mL,1,20201018 18:10:12,18-Oct-20,NRUSSELL,,,
1813,23,11,1,Thermo Fisher,OIM19122,2,20211231,Fol,MW,26,2640,Serum,20210106,6.49,0.72,4.33,8.65,ng/mL,1,20201018 18:10:12,18-Oct-20,NRUSSELL,,,
1814,23,12,1,Thermo Fisher,OIM19123,3,20211231,Fol,MW,26,2640,Serum,20210106,14.4,1.67,9.39,19.4,ng/mL,1,20201018 18:10:12,18-Oct-20,NRUSSELL,,,
1815,23,13,1,Thermo Fisher,OIM19121,1,20211231,Fol,MW,26,2650,Serum,20201112,2.61,0.363,1.52,3.7,ng/mL,1,20201018 18:10:12,18-Oct-20,NRUSSELL,,,
1816,23,14,1,Thermo Fisher,OIM19122,2,20211231,Fol,MW,26,2650,Serum,20201112,6.49,0.72,4.33,8.65,ng/mL,1,20201018 18:10:12,18-Oct-20,NRUSSELL,,,
1817,23,15,1,Thermo Fisher,OIM19123,3,20211231,Fol,MW,26,2650,Serum,20201112,14.4,1.67,9.39,19.4,ng/mL,1,20201018 18:10:12,18-Oct-20,NRUSSELL,,,
1818,23,16,1,Thermo Fisher,OIM19121,1,20211231,Fol,MW,26,2651,Serum,20210116,2.61,0.363,1.52,3.7,ng/mL,1,20201018 18:10:12,18-Oct-20,NRUSSELL,,,
1819,23,17,1,Thermo Fisher,OIM19122,2,20211231,Fol,MW,26,2651,Serum,20210116,6.49,0.72,4.33,8.65,ng/mL,1,20201018 18:10:12,18-Oct-20,NRUSSELL,,,
1820,23,18,1,Thermo Fisher,OIM19123,3,20211231,Fol,MW,26,2651,Serum,20210116,14.4,1.67,9.39,19.4,ng/mL,1,20201018 18:10:12,18-Oct-20,NRUSSELL,,,
1821,24,1,1,Thermo Fisher,OIM19121,1,20211231,PCT,MW,130,6,Serum,20210212,0.472,0.0496,0.323,0.621,ng/mL,1,20201018 18:10:24,18-Oct-20,NRUSSELL,,,
1822,24,2,1,Thermo Fisher,OIM19122,2,20211231,PCT,MW,130,6,Serum,20210212,2,0.144,1.57,2.43,ng/mL,1,20201018 18:10:24,18-Oct-20,NRUSSELL,,,
1823,24,3,1,Thermo Fisher,OIM19123,3,20211231,PCT,MW,130,6,Serum,20210212,61.3,3.68,50.3,72.3,ng/mL,1,20201018 18:10:24,18-Oct-20,NRUSSELL,,,
1824,24,4,1,Thermo Fisher,OIM19121,1,20211231,PCT,MW,130,8,Serum,20210212,0.472,0.0496,0.323,0.621,ng/mL,1,20201018 18:10:24,18-Oct-20,NRUSSELL,,,
1825,24,5,1,Thermo Fisher,OIM19122,2,20211231,PCT,MW,130,8,Serum,20210212,2,0.144,1.57,2.43,ng/mL,1,20201018 18:10:24,18-Oct-20,NRUSSELL,,,
1826,24,6,1,Thermo Fisher,OIM19123,3,20211231,PCT,MW,130,8,Serum,20210212,61.3,3.68,50.3,72.3,ng/mL,1,20201018 18:10:24,18-Oct-20,NRUSSELL,,,
1827,24,7,1,Thermo Fisher,OIM19121,1,20211231,PCT,MW,130,9,Serum,20210212,0.472,0.0496,0.323,0.621,ng/mL,1,20201018 18:10:24,18-Oct-20,NRUSSELL,,,
1828,24,8,1,Thermo Fisher,OIM19122,2,20211231,PCT,MW,130,9,Serum,20210212,2,0.144,1.57,2.43,ng/mL,1,20201018 18:10:24,18-Oct-20,NRUSSELL,,,
1829,24,9,1,Thermo Fisher,OIM19123,3,20211231,PCT,MW,130,9,Serum,20210212,61.3,3.68,50.3,72.3,ng/mL,1,20201018 18:10:24,18-Oct-20,NRUSSELL,,,
1830,25,1,1,Thermo Fisher,OIM19121,1,20211231,Cort,MW,23,2040,Serum,20201209,1002,10.5,127,241,nmol/L,1,20201018 18:10:28,18-Oct-20,NRUSSELL,,,
1831,25,2,1,Thermo Fisher,OIM19122,2,20211231,Cort,MW,23,2040,Serum,20201209,288,21.3,224,352,nmol/L,1,20201018 18:10:28,18-Oct-20,NRUSSELL,,,
1832,25,3,1,Thermo Fisher,OIM19123,3,20211231,Cort,MW,23,2040,Serum,20201209,860,64.5,667,1050,nmol/L,1,20201018 18:10:28,18-Oct-20,NRUSSELL,,,
1833,25,4,1,Thermo Fisher,OIM19121,1,20211231,Cort,MW,23,2050,Serum,20210127,1002,10.5,127,241,nmol/L,1,20201018 18:10:28,18-Oct-20,NRUSSELL,,,
1834,25,5,1,Thermo Fisher,OIM19122,2,20211231,Cort,MW,23,2050,Serum,20210127,288,21.3,224,352,nmol/L,1,20201018 18:10:28,18-Oct-20,NRUSSELL,,,
1835,25,6,1,Thermo Fisher,OIM19123,3,20211231,Cort,MW,23,2050,Serum,20210127,860,64.5,667,1050,nmol/L,1,20201018 18:10:28,18-Oct-20,NRUSSELL,,,
1836,25,7,1,Thermo Fisher,OIM19121,1,20211231,Cort,MW,23,2060,Serum,20210403,1002,10.5,127,241,nmol/L,1,20201018 18:10:28,18-Oct-20,NRUSSELL,,,
1837,25,8,1,Thermo Fisher,OIM19122,2,20211231,Cort,MW,23,2060,Serum,20210403,288,21.3,224,352,nmol/L,1,20201018 18:10:28,18-Oct-20,NRUSSELL,,,
1838,25,9,1,Thermo Fisher,OIM19123,3,20211231,Cort,MW,23,2060,Serum,20210403,860,64.5,667,1050,nmol/L,1,20201018 18:10:28,18-Oct-20,NRUSSELL,,,
1839,25,10,1,Thermo Fisher,OIM19121,1,20211231,Cort,MW,23,2070,Serum,20201121,1002,10.5,127,241,nmol/L,1,20201018 18:10:28,18-Oct-20,NRUSSELL,,,
1840,25,11,1,Thermo Fisher,OIM19122,2,20211231,Cort,MW,23,2070,Serum,20201121,288,21.3,224,352,nmol/L,1,20201018 18:10:28,18-Oct-20,NRUSSELL,,,
1841,25,12,1,Thermo Fisher,OIM19123,3,20211231,Cort,MW,23,2070,Serum,20201121,860,64.5,667,1050,nmol/L,1,20201018 18:10:28,18-Oct-20,NRUSSELL,,,
1842,26,1,1,Thermo Fisher,OIM19121,1,20211231,Ins,MW,118,215,Serum,20201218,17.7,2.16,11.2,24.2,uIU/mL,1,20201018 18:10:32,18-Oct-20,NRUSSELL,,,
1843,26,2,1,Thermo Fisher,OIM19122,2,20211231,Ins,MW,118,215,Serum,20201218,77.5,7.91,53.8,101,uIU/mL,1,20201018 18:10:32,18-Oct-20,NRUSSELL,,,
1844,26,3,1,Thermo Fisher,OIM19123,3,20211231,Ins,MW,118,215,Serum,20201218,187,19.1,130,244,uIU/mL,1,20201018 18:10:32,18-Oct-20,NRUSSELL,,,
1845,26,4,1,Thermo Fisher,OIM19121,1,20211231,Ins,MW,118,220,Serum,20201230,17.7,2.16,11.2,24.2,uIU/mL,1,20201018 18:10:32,18-Oct-20,NRUSSELL,,,
1846,26,5,1,Thermo Fisher,OIM19122,2,20211231,Ins,MW,118,220,Serum,20201230,77.5,7.91,53.8,101,uIU/mL,1,20201018 18:10:32,18-Oct-20,NRUSSELL,,,
1847,26,6,1,Thermo Fisher,OIM19123,3,20211231,Ins,MW,118,220,Serum,20201230,187,19.1,130,244,uIU/mL,1,20201018 18:10:32,18-Oct-20,NRUSSELL,,,
1848,26,7,1,Thermo Fisher,OIM19121,1,20211231,Ins,MW,118,230,Serum,20201230,17.7,2.16,11.2,24.2,uIU/mL,1,20201018 18:10:32,18-Oct-20,NRUSSELL,,,
1849,26,8,1,Thermo Fisher,OIM19122,2,20211231,Ins,MW,118,230,Serum,20201230,77.5,7.91,53.8,101,uIU/mL,1,20201018 18:10:32,18-Oct-20,NRUSSELL,,,
1850,26,9,1,Thermo Fisher,OIM19123,3,20211231,Ins,MW,118,230,Serum,20201230,187,19.1,130,244,uIU/mL,1,20201018 18:10:32,18-Oct-20,NRUSSELL,,,
1851,26,10,1,Thermo Fisher,OIM19121,1,20211231,Ins,MW,118,240,Serum,20201230,17.7,2.16,11.2,24.2,uIU/mL,1,20201018 18:10:32,18-Oct-20,NRUSSELL,,,
1852,26,11,1,Thermo Fisher,OIM19122,2,20211231,Ins,MW,118,240,Serum,20201230,77.5,7.91,53.8,101,uIU/mL,1,20201018 18:10:32,18-Oct-20,NRUSSELL,,,
1853,26,12,1,Thermo Fisher,OIM19123,3,20211231,Ins,MW,118,240,Serum,20201230,187,19.1,130,244,uIU/mL,1,20201018 18:10:32,18-Oct-20,NRUSSELL,,,
1854,26,13,1,Thermo Fisher,OIM19121,1,20211231,Ins,MW,118,251,Serum,20210211,17.7,2.16,11.2,24.2,uIU/mL,1,20201018 18:10:32,18-Oct-20,NRUSSELL,,,
1855,26,14,1,Thermo Fisher,OIM19122,2,20211231,Ins,MW,118,251,Serum,20210211,77.5,7.91,53.8,101,uIU/mL,1,20201018 18:10:32,18-Oct-20,NRUSSELL,,,
1856,26,15,1,Thermo Fisher,OIM19123,3,20211231,Ins,MW,118,251,Serum,20210211,187,19.1,130,244,uIU/mL,1,20201018 18:10:32,18-Oct-20,NRUSSELL,,,
