VENDER,CONTROLLOTNUMBER,ASSAY,SUBLOT,VA_VERSION,ASSAYTYPE,BODYFLUID,GEN_EXPIRY,QC_EXPIRATION,MEAN_CONC,LEVEL,CONCCONVUNIT,GEN_INTRO,VA_NUMBER,LOWER_LIMIT,UPPER_LIMIT,STDEV_CONC
MAS,OCR22101,Ca,34,1,MS,Serum,4/1/2021,12/30/2020,8.67,1,mg/dL,7/29/2004,25,0,0,0
MAS,OCR22101,Ca,35,1,MS,Serum,4/1/2021,12/30/2020,8.64,1,mg/dL,7/29/2004,25,0,0,0
MAS,OCR22101,Ca,36,1,MS,Serum,6/1/2021,12/30/2020,8.61,1,mg/dL,7/29/2004,25,0,0,0
MAS,OCR22101,Ca,37,1,MS,Serum,7/1/2021,12/30/2020,8.64,1,mg/dL,7/29/2004,25,0,0,0
MAS,OCR22101,Ca,11-XT,1,MS,Serum,1/1/2021,12/30/2020,8.6,1,mg/dL,3/21/2019,25,0,0,0
MAS,OCR22101,Cl-,10,1,MS,Serum,7/1/2021,12/30/2020,80.5,1,mmol/L,12/2/2016,25,0,0,0
MAS,OCR22101,Cl-,5,1,MS,Serum,,12/30/2020,80.5,1,mmol/L,9/11/2007,25,0,0,0
MAS,OCR22101,DGXN,20,1,MS,Serum,,12/30/2020,0.93,1,ng/mL,5/9/2006,25,0,0,0
MAS,OCR22101,ECO2,21,1,MS,Serum,3/1/2021,12/30/2020,24.6,1,mmol/L,8/12/2016,25,0,0,0
MAS,OCR22101,ECO2,24,1,MS,Serum,7/1/2021,12/30/2020,25.2,1,mmol/L,10/2/2017,25,0,0,0
MAS,OCR22101,ECO2,25,1,MS,Serum,,12/30/2020,25.1,1,mmol/L,1/14/2020,25,0,0,0
MAS,OCR22101,Fe,21,1,MS,Serum,2/1/2021,12/30/2020,92.4,1,µg/dL,2/23/2010,25,0,0,0
MAS,OCR22101,Fe,22,1,MS,Serum,6/1/2021,12/30/2020,96.9,1,µg/dL,2/26/2010,25,0,0,0
MAS,OCR22101,Fe,23,1,MS,Serum,6/1/2021,12/30/2020,93,1,µg/dL,3/2/2010,25,0,0,0
MAS,OCR22101,GGT,36,1,MS,Serum,11/1/2020,12/30/2020,64,1,U/L,7/29/2004,25,0,0,0
MAS,OCR22101,GGT,40,1,MS,Serum,5/1/2021,12/30/2020,63,1,U/L,4/11/2005,25,0,0,0
MAS,OCR22101,GGT,41,1,MS,Serum,1/1/2021,12/30/2020,64,1,U/L,7/14/2005,25,0,0,0
MAS,OCR22101,GGT,43,1,MS,Serum,4/1/2021,12/30/2020,63,1,U/L,11/16/2005,25,0,0,0
MAS,OCR22101,GGT,44,1,MS,Serum,7/1/2021,12/30/2020,63,1,U/L,5/9/2006,25,0,0,0
MAS,OCR22101,GGT,45,1,MS,Serum,,12/30/2020,63,1,U/L,5/22/2006,25,0,0,0
MAS,OCR22101,GGT,95,1,MS,Serum,4/1/2021,12/30/2020,65,1,U/L,3/11/2019,25,0,0,0
MAS,OCR22101,GGT,96,1,MS,Serum,,12/30/2020,61,1,U/L,10/11/2019,25,0,0,0
MAS,OCR22101,GLU,2,1,MS,Serum,5/1/2021,12/30/2020,89.6,1,mg/dL,4/4/2007,25,0,0,0
MAS,OCR22101,GLU,49,1,MS,Serum,4/1/2021,12/30/2020,89.4,1,mg/dL,4/5/2007,25,0,0,0
MAS,OCR22101,GLU,5,1,MS,Serum,5/1/2021,12/30/2020,89.2,1,mg/dL,8/29/2007,25,0,0,0
MAS,OCR22101,GLU,6,1,MS,Serum,7/1/2021,12/30/2020,92,1,mg/dL,10/5/2007,25,0,0,0
MAS,OCR22101,GLU,7,1,MS,Serum,7/1/2021,12/30/2020,92.3,1,mg/dL,10/23/2007,25,0,0,0
MAS,OCR22101,GLU,11-XT,1,MS,Serum,1/1/2021,12/30/2020,91,1,mg/dL,3/26/2019,25,0,0,0
MAS,OCR22101,K+,2,1,MS,Serum,,12/30/2020,2.87,1,mmol/L,7/29/2004,25,0,0,0
MAS,OCR22101,LAC,30,1,MS,Serum,,12/30/2020,1.32,1,mmol/L,4/30/2013,25,0,0,0
MAS,OCR22101,LAC,32,1,MS,Serum,7/1/2021,12/30/2020,1.3,1,mmol/L,3/21/2019,25,0,0,0
MAS,OCR22101,LDH,1,1,MS,Serum,3/1/2021,12/30/2020,438,1,U/L,6/12/2017,25,0,0,0
MAS,OCR22101,LDH,49,1,MS,Serum,7/1/2021,12/30/2020,431,1,U/L,12/20/2016,25,0,0,0
MAS,OCR22101,TIBC,22,1,MS,Serum,6/1/2021,12/30/2020,309,1,µg/dL,2/26/2010,25,0,0,0
MAS,OCR22101,TIBC,23,1,MS,Serum,6/1/2021,12/30/2020,328,1,µg/dL,3/5/2010,25,0,0,0
MAS,OCR22101,TP,12,1,MS,Serum,7/1/2021,12/30/2020,3.85,1,g/dL,5/7/2009,25,0,0,0
MAS,OCR22101,TP,15,1,MS,Serum,5/1/2021,12/30/2020,3.89,1,g/dL,7/15/2009,25,0,0,0
MAS,OCR22101,TP,49,1,MS,Serum,4/1/2021,12/30/2020,3.78,1,g/dL,9/22/2006,25,0,0,0
MAS,OCR22101,TP,5,1,MS,Serum,7/1/2021,12/30/2020,3.7,1,g/dL,9/29/2007,25,0,0,0
MAS,OCR22101,TP,7,1,MS,Serum,11/1/2020,12/30/2020,3.72,1,g/dL,11/24/2008,25,0,0,0
MAS,OCR22101,TP,8,1,MS,Serum,2/1/2021,12/30/2020,3.78,1,g/dL,3/25/2008,25,0,0,0
MAS,OCR22101,TP,10-XT,1,MS,Serum,1/1/2021,12/30/2020,3.78,1,g/dL,10/17/2018,25,0,0,0
MAS,OCR22101,TRIG,42,1,MS,Serum,7/1/2021,12/30/2020,133.3,1,mg/dL,6/16/2011,25,0,0,0
MAS,OCR22101,TRIG,43,1,MS,Serum,4/1/2021,12/30/2020,133.3,1,mg/dL,7/19/2012,25,0,0,0
MAS,OCR22101,TRIG,45,1,MS,Serum,,12/30/2020,129.4,1,mg/dL,7/11/2013,25,0,0,0
MAS,OCR22101,TRIG,10-XT,1,MS,Serum,6/1/2021,12/30/2020,129.6,1,mg/dL,8/16/2018,25,0,0,0
MAS,OCR22101,URIC,38,1,MS,Serum,7/1/2021,12/30/2020,3.78,1,mg/dL,9/19/2017,25,0,0,0
MAS,OCR22101,URIC,42,1,MS,Serum,6/1/2021,12/30/2020,3.87,1,mg/dL,3/27/2019,25,0,0,0
MAS,OCR22101,URIC,43,1,MS,Serum,12/1/2020,12/30/2020,3.81,1,mg/dL,3/27/2019,25,0,0,0
MAS,OCR22101,URIC,44,1,MS,Serum,2/1/2021,12/30/2020,3.73,1,mg/dL,4/16/2019,25,0,0,0
MAS,OCR22101,URIC,45,1,MS,Serum,5/1/2021,12/30/2020,3.69,1,mg/dL,6/28/2019,25,0,0,0
MAS,OCR22101,URIC,46,1,MS,Serum,,12/30/2020,3.84,1,mg/dL,1/17/2020,25,0,0,0
MAS,OCR22101,VAST,23,1,MS,Serum,3/1/2021,12/30/2020,34,1,U/L,11/16/2015,25,0,0,0
MAS,OCR22101,VAST,25,1,MS,Serum,5/1/2021,12/30/2020,35,1,U/L,3/7/2019,25,0,0,0
MAS,OCR22101,VAST,26,1,MS,Serum,7/1/2021,12/30/2020,34,1,U/L,10/30/2019,25,0,0,0
MAS,OCR22101,dHDL,10,1,MS,Serum,11/1/2020,12/30/2020,50,1,mg/dL,6/18/2007,25,0,0,0
MAS,OCR22101,dHDL,23,1,MS,Serum,10/1/2020,12/30/2020,48,1,mg/dL,10/16/2009,25,0,0,0
MAS,OCR22101,dHDL,24,1,MS,Serum,12/1/2020,12/30/2020,49,1,mg/dL,10/15/2009,25,0,0,0
MAS,OCR22101,dHDL,25,1,MS,Serum,,12/30/2020,53.1,1,mg/dL,7/9/2010,25,0,0,0
MAS,OCR22101,dLDL,30,1,MT,Serum,8/5/2021,12/30/2020,77.9,1,mg/dL,4/1/2019,25,0,0,0
MAS,OCR22102,ALB,27,1,MS,Serum,7/1/2021,12/30/2020,4,2,g/dL,1/8/2019,25,0,0,0
MAS,OCR22102,ALB,28,1,MS,Serum,4/1/2021,12/30/2020,3.93,2,g/dL,7/29/2004,25,0,0,0
MAS,OCR22102,ALB,10-XT,1,MS,Serum,1/1/2021,12/30/2020,4,2,g/dL,10/17/2018,25,0,0,0
MAS,OCR22102,ALKP,21,1,MS,Serum,7/1/2021,12/30/2020,452,2,U/L,12/10/2018,25,0,0,0
MAS,OCR22102,ALKP,23,1,MS,Serum,7/1/2021,12/30/2020,446,2,U/L,4/15/2019,25,0,0,0
MAS,OCR22102,ALKP,24,1,MS,Serum,7/1/2021,12/30/2020,438,2,U/L,6/19/2019,25,0,0,0
MAS,OCR22102,ALKP,90,1,MS,Serum,11/1/2020,12/30/2020,1387,2,U/L,10/16/2018,25,0,0,0
MAS,OCR22102,ALKP,91,1,MS,Serum,2/1/2021,12/30/2020,1426,2,U/L,4/22/2019,25,0,0,0
MAS,OCR22101,LDH,53,1,MS,Serum,1/1/2021,12/30/2020,174,1,U/L,6/5/2017,25,0,0,0
MAS,OCR22101,LDH,54,1,MS,Serum,7/1/2021,12/30/2020,181,1,U/L,9/13/2019,25,0,0,0
MAS,OCR22101,LDH,85,1,MS,Serum,5/1/2021,12/30/2020,184,1,U/L,3/9/2017,25,0,0,0
MAS,OCR22101,LIPA,44,1,MS,Serum,11/1/2020,12/30/2020,162,1,U/L,7/29/2004,25,0,0,0
MAS,OCR22101,LIPA,46,1,MS,Serum,6/1/2021,12/30/2020,163,1,U/L,10/19/2004,25,0,0,0
MAS,OCR22101,LIPA,47,1,MS,Serum,7/1/2021,12/30/2020,159,1,U/L,1/30/2006,25,0,0,0
MAS,OCR22101,LIPA,84,1,MS,Serum,5/1/2021,12/30/2020,40,1,U/L,6/6/2018,25,0,0,0
MAS,OCR22101,LIPA,85,1,MS,Serum,1/1/2021,12/30/2020,41,1,U/L,10/5/2018,25,0,0,0
MAS,OCR22101,Li,27,1,MS,Serum,5/1/2021,12/30/2020,1.09,1,mmol/L,2/15/2019,25,0,0,0
MAS,OCR22101,Li,28,1,MS,Serum,,12/30/2020,1.04,1,mmol/L,12/14/2019,25,0,0,0
MAS,OCR22101,Li,29,1,MS,Serum,,12/30/2020,1.06,1,mmol/L,1/17/2020,25,0,0,0
MAS,OCR22101,Li,30,1,MS,Serum,,12/30/2020,1.14,1,mmol/L,1/17/2020,25,0,0,0
MAS,OCR22101,Mg,5,1,MS,Serum,6/1/2021,12/30/2020,1.91,1,mg/dL,1/21/2019,25,0,0,0
MAS,OCR22101,Mg,6,1,MS,Serum,7/1/2021,12/30/2020,1.91,1,mg/dL,4/12/2019,25,0,0,0
MAS,OCR22101,Na+,19,1,MS,Serum,5/1/2021,12/30/2020,117.7,1,mmol/L,1/27/2014,25,0,0,0
MAS,OCR22101,Na+,20,1,MS,Serum,11/1/2020,12/30/2020,117.5,1,mmol/L,1/31/2014,25,0,0,0
MAS,OCR22101,Na+,24,1,MS,Serum,3/1/2021,12/30/2020,117.2,1,mmol/L,6/27/2014,25,0,0,0
MAS,OCR22101,Na+,25,1,MS,Serum,4/1/2021,12/30/2020,116.6,1,mmol/L,7/29/2004,25,0,0,0
MAS,OCR22101,Na+,26,1,MS,Serum,12/30/2020,12/30/2020,116.6,1,mmol/L,10/16/2014,25,0,0,0
MAS,OCR22101,Na+,27,1,MS,Serum,7/1/2021,12/30/2020,116.3,1,mmol/L,7/29/2004,25,0,0,0
MAS,OCR22101,PHOS,1,1,MS,Serum,,12/30/2020,3.47,1,mg/dL,1/20/2020,25,0,0,0
MAS,OCR22101,PHOS,49,1,MS,Serum,7/1/2021,12/30/2020,3.43,1,mg/dL,5/15/2019,25,0,0,0
MAS,OCR22101,PHYT,20,1,MS,Serum,,12/30/2020,12.7,1,µg/mL,8/30/2019,25,0,0,0
MAS,OCR22101,TBIL,32,1,MS,Serum,3/1/2021,12/30/2020,1.67,1,mg/dL,7/29/2004,25,0,0,0
MAS,OCR22101,TBIL,34,1,MS,Serum,10/1/2020,12/30/2020,1.56,1,mg/dL,7/29/2004,25,0,0,0
MAS,OCR22101,TBIL,36,1,MS,Serum,12/1/2020,12/30/2020,1.56,1,mg/dL,7/29/2004,25,0,0,0
MAS,OCR22101,TBIL,37,1,MS,Serum,3/1/2021,12/30/2020,1.65,1,mg/dL,7/29/2004,25,0,0,0
MAS,OCR22101,TBIL,38,1,MS,Serum,2/1/2021,12/30/2020,1.59,1,mg/dL,8/6/2004,25,0,0,0
MAS,OCR22101,TBIL,39,1,MS,Serum,5/1/2021,12/30/2020,1.6,1,mg/dL,10/5/2004,25,0,0,0
MAS,OCR22101,TBIL,40,1,MS,Serum,7/1/2021,12/30/2020,1.62,1,mg/dL,11/15/2004,25,0,0,0
MAS,OCR22101,TBIL,10-XT,1,MS,Serum,12/1/2020,12/30/2020,1.43,1,mg/dL,11/13/2018,25,0,0,0
MAS,OCR22101,TBIL,80-XT,1,MS,Serum,12/1/2020,12/30/2020,1.49,1,mg/dL,11/30/2018,25,0,0,0
MAS,OCR22101,THEO,6,1,MS,Serum,7/1/2021,12/30/2020,13.6,1,µg/mL,6/15/2018,25,0,0,0
MAS,OCR22101,TIBC,21,1,MS,Serum,2/1/2021,12/30/2020,317,1,µg/dL,2/23/2010,25,0,0,0
MAS,OCR22101,ALB,28,1,MS,Serum,4/1/2021,12/30/2020,2.37,1,g/dL,7/29/2004,25,0,0,0
MAS,OCR22101,ALB,10-XT,1,MS,Serum,1/1/2021,12/30/2020,2.44,1,g/dL,10/17/2018,25,0,0,0
MAS,OCR22101,ALKP,21,1,MS,Serum,7/1/2021,12/30/2020,104,1,U/L,12/10/2018,25,0,0,0
MAS,OCR22101,ALKP,23,1,MS,Serum,7/1/2021,12/30/2020,106,1,U/L,4/15/2019,25,0,0,0
MAS,OCR22101,ALKP,24,1,MS,Serum,7/1/2021,12/30/2020,105,1,U/L,6/19/2019,25,0,0,0
MAS,OCR22101,ALKP,90,1,MS,Serum,11/1/2020,12/30/2020,332,1,U/L,10/16/2018,25,0,0,0
MAS,OCR22101,ALKP,91,1,MS,Serum,2/1/2021,12/30/2020,346,1,U/L,4/22/2019,25,0,0,0
MAS,OCR22101,ALKP,10-XT,1,MS,Serum,12/1/2020,12/30/2020,100,1,U/L,11/13/2018,25,0,0,0
MAS,OCR22101,ALKP,80-XT,1,MS,Serum,12/1/2020,12/30/2020,332,1,U/L,11/14/2018,25,0,0,0
MAS,OCR22101,ALT,2,1,MS,Serum,7/1/2021,12/30/2020,34,1,U/L,9/12/2007,25,0,0,0
MAS,OCR22101,ALT,3,1,MS,Serum,3/1/2021,12/30/2020,32,1,U/L,11/17/2007,25,0,0,0
MAS,OCR22101,ALT,4,1,MS,Serum,7/1/2021,12/30/2020,34,1,U/L,12/2/2007,25,0,0,0
MAS,OCR22101,ALT,5,1,MS,Serum,,12/30/2020,34,1,U/L,2/11/2008,25,0,0,0
MAS,OCR22101,ALT2,2,1,MS,Serum,1/1/2021,12/30/2020,20,1,U/L,8/14/2018,25,0,0,0
MAS,OCR22101,ALTV,2,1,MS,Serum,7/1/2021,12/30/2020,21,1,U/L,6/1/2018,25,0,0,0
MAS,OCR22101,ALTV,11-XT,1,MS,Serum,6/1/2021,12/30/2020,20,1,U/L,11/20/2019,25,0,0,0
MAS,OCR22101,AMYL,3,1,MS,Serum,2/1/2021,12/30/2020,73,1,U/L,10/13/2009,25,0,0,0
MAS,OCR22101,AMYL,5,1,MS,Serum,7/1/2021,12/30/2020,79,1,U/L,4/22/2010,25,0,0,0
MAS,OCR22101,AMYL,6,1,MS,Serum,6/1/2021,12/30/2020,73,1,U/L,7/31/2010,25,0,0,0
MAS,OCR22101,AMYL,83,1,MS,Serum,2/1/2021,12/30/2020,87,1,U/L,1/24/2018,25,0,0,0
MAS,OCR22101,AMYL,84,1,MS,Serum,5/1/2021,12/30/2020,77,1,U/L,9/9/2019,25,0,0,0
MAS,OCR22101,AST,11-XT,1,MS,Serum,6/1/2021,12/30/2020,35,1,U/L,11/20/2019,25,0,0,0
MAS,OCR22101,ASTJ,8,1,MS,Serum,10/1/2020,12/30/2020,27,1,U/L,1/5/2018,25,0,0,0
MAS,OCR22101,ASTJ,9,1,MS,Serum,6/1/2021,12/30/2020,26,1,U/L,6/19/2019,25,0,0,0
MAS,OCR22101,BUN,29,1,MS,Serum,7/1/2021,12/30/2020,11.2,1,mg/dL,9/29/2017,25,0,0,0
MAS,OCR22101,BUN,31,1,MS,Serum,7/1/2021,12/30/2020,18.6,1,mg/dL,10/7/2019,25,0,0,0
MAS,OCR22101,BUN,11-XT,1,MS,Serum,6/1/2021,12/30/2020,18.2,1,mg/dL,6/1/2019,25,0,0,0
MAS,OCR22101,Bc,40,1,MS,Serum,11/1/2020,12/30/2020,0.36,1,mg/dL,10/4/2007,25,0,0,0
MAS,OCR22101,Bc,41,1,MS,Serum,12/1/2020,12/30/2020,0.34,1,mg/dL,12/1/2007,25,0,0,0
MAS,OCR22101,Bc,42,1,MS,Serum,1/1/2021,12/30/2020,0.4,1,mg/dL,1/2/2008,25,0,0,0
MAS,OCR22101,Bc,43,1,MS,Serum,2/1/2021,12/30/2020,0.35,1,mg/dL,2/11/2008,25,0,0,0
MAS,OCR22101,Bc,44,1,MS,Serum,4/1/2021,12/30/2020,0.41,1,mg/dL,2/25/2008,25,0,0,0
MAS,OCR22101,Bc,45,1,MS,Serum,6/1/2021,12/30/2020,0.37,1,mg/dL,4/16/2008,25,0,0,0
MAS,OCR22101,Bc,46,1,MS,Serum,6/1/2021,12/30/2020,0.44,1,mg/dL,5/5/2008,25,0,0,0
MAS,OCR22101,Bc,47,1,MS,Serum,,12/30/2020,0.47,1,mg/dL,5/19/2008,25,0,0,0
MAS,OCR22101,Bu,40,1,MS,Serum,11/1/2020,12/30/2020,0.5,1,mg/dL,10/4/2007,25,0,0,0
MAS,OCR22101,Bu,41,1,MS,Serum,12/1/2020,12/30/2020,0.54,1,mg/dL,12/3/2007,25,0,0,0
MAS,OCR22101,Bu,42,1,MS,Serum,1/1/2021,12/30/2020,0.55,1,mg/dL,1/2/2008,25,0,0,0
MAS,OCR22101,Bu,43,1,MS,Serum,2/1/2021,12/30/2020,0.56,1,mg/dL,2/11/2008,25,0,0,0
MAS,OCR22101,Bu,44,1,MS,Serum,4/1/2021,12/30/2020,0.52,1,mg/dL,2/25/2008,25,0,0,0
MAS,OCR22101,Bu,45,1,MS,Serum,6/1/2021,12/30/2020,0.57,1,mg/dL,4/16/2008,25,0,0,0
MAS,OCR22101,Bu,46,1,MS,Serum,6/1/2021,12/30/2020,0.57,1,mg/dL,5/5/2008,25,0,0,0
MAS,OCR22101,Bu,47,1,MS,Serum,,12/30/2020,0.64,1,mg/dL,5/19/2008,25,0,0,0
MAS,OCR22101,CHE,4,1,MS,Serum,2/1/2021,12/30/2020,3.47,1,U/mL,10/5/2017,25,0,0,0
MAS,OCR22101,CHE,6,1,MS,Serum,5/1/2021,12/30/2020,3.48,1,U/mL,2/13/2019,25,0,0,0
MAS,OCR22101,CHE,86,1,MS,Serum,2/1/2021,12/30/2020,0.15,1,U/mL,11/16/2018,25,0,0,0
MAS,OCR22101,CHOL,39,1,MS,Serum,11/1/2020,12/30/2020,153.7,1,mg/dL,8/29/2017,25,0,0,0
MAS,OCR22101,CHOL,43,1,MS,Serum,7/1/2021,12/30/2020,155.9,1,mg/dL,11/5/2007,25,0,0,0
MAS,OCR22101,CHOL,10-XT,1,MS,Serum,6/1/2021,12/30/2020,160,1,mg/dL,8/16/2018,25,0,0,0
MAS,OCR22101,CK,12,1,MS,Serum,7/1/2021,12/30/2020,185,1,U/L,7/3/2018,25,0,0,0
MAS,OCR22101,CK,15,1,MS,Serum,5/1/2021,12/30/2020,183,1,U/L,10/30/2019,25,0,0,0
MAS,OCR22101,CK,86,1,MS,Serum,5/1/2021,12/30/2020,203,1,U/L,7/10/2017,25,0,0,0
MAS,OCR22101,CK,9,1,MS,Serum,,12/30/2020,192,1,U/L,6/23/2017,25,0,0,0
MAS,OCR22101,CREA,19,1,MS,Serum,11/1/2020,12/30/2020,0.93,1,mg/dL,11/3/2004,25,0,0,0
MAS,OCR22101,CREA,22,1,MS,Serum,10/1/2020,12/30/2020,0.93,1,mg/dL,10/17/2006,25,0,0,0
MAS,OCR22101,CREA,23,1,MS,Serum,6/1/2021,12/30/2020,0.92,1,mg/dL,12/6/2006,25,0,0,0
MAS,OCR22101,CREA,25,1,MS,Serum,1/1/2021,12/30/2020,0.91,1,mg/dL,7/29/2004,25,0,0,0
MAS,OCR22101,CREA,26,1,MS,Serum,1/1/2021,12/30/2020,0.93,1,mg/dL,6/20/2006,25,0,0,0
MAS,OCR22101,CREA,27,1,MS,Serum,2/1/2021,12/30/2020,0.93,1,mg/dL,10/18/2006,25,0,0,0
MAS,OCR22101,CREA,29,1,MS,Serum,5/1/2021,12/30/2020,0.91,1,mg/dL,7/29/2004,25,0,0,0
MAS,OCR22101,CREA,30,1,MS,Serum,4/1/2021,12/30/2020,0.92,1,mg/dL,9/9/2019,25,0,0,0
MAS,OCR22101,CREA,31,1,MS,Serum,7/1/2021,12/30/2020,0.92,1,mg/dL,1/3/2020,25,0,0,0
MAS,OCR22101,CREA,11-XT,1,MS,Serum,6/1/2021,12/30/2020,0.92,1,mg/dL,6/1/2019,25,0,0,0
MAS,OCR22101,Ca,15,1,MS,Serum,,12/30/2020,8.62,1,mg/dL,6/15/2006,25,0,0,0
MAS,OCR22101,Ca,16,1,MS,Serum,,12/30/2020,8.74,1,mg/dL,7/27/2006,25,0,0,0
MAS,OCR22101,Ca,18,1,MS,Serum,,12/30/2020,8.62,1,mg/dL,10/10/2006,25,0,0,0
MAS,OCR22101,Ca,28,1,MS,Serum,11/1/2020,12/30/2020,8.57,1,mg/dL,7/29/2004,25,0,0,0
MAS,OCR22101,Ca,29,1,MS,Serum,11/1/2020,12/30/2020,8.62,1,mg/dL,7/29/2004,25,0,0,0
MAS,OCR22101,Ca,30,1,MS,Serum,1/1/2021,12/30/2020,8.66,1,mg/dL,8/13/2007,25,0,0,0
MAS,OCR22101,Ca,32,1,MS,Serum,2/1/2021,12/30/2020,8.62,1,mg/dL,11/5/2007,25,0,0,0
MAS,OCR22103,ECO2,25,1,MS,Serum,,12/30/2020,115,3,mmol/L,1/14/2020,25,0,0,0
MAS,OCR22103,Fe,21,1,MS,Serum,2/1/2021,12/30/2020,1204.7,3,µg/dL,2/23/2010,25,0,0,0
MAS,OCR22103,Fe,22,1,MS,Serum,6/1/2021,12/30/2020,1210.5,3,µg/dL,2/26/2010,25,0,0,0
MAS,OCR22103,Fe,23,1,MS,Serum,6/1/2021,12/30/2020,1205.2,3,µg/dL,3/2/2010,25,0,0,0
MAS,OCR22103,GGT,36,1,MS,Serum,11/1/2020,12/30/2020,1407,3,U/L,7/29/2004,25,0,0,0
MAS,OCR22103,GGT,40,1,MS,Serum,5/1/2021,12/30/2020,1398,3,U/L,4/11/2005,25,0,0,0
MAS,OCR22103,GGT,41,1,MS,Serum,1/1/2021,12/30/2020,1392,3,U/L,7/14/2005,25,0,0,0
MAS,OCR22103,GGT,43,1,MS,Serum,4/1/2021,12/30/2020,1387,3,U/L,11/16/2005,25,0,0,0
MAS,OCR22103,GGT,44,1,MS,Serum,7/1/2021,12/30/2020,1383,3,U/L,5/9/2006,25,0,0,0
MAS,OCR22103,GGT,45,1,MS,Serum,,12/30/2020,1388,3,U/L,5/22/2006,25,0,0,0
MAS,OCR22103,GGT,95,1,MS,Serum,4/1/2021,12/30/2020,1443,3,U/L,3/11/2019,25,0,0,0
MAS,OCR22103,GGT,96,1,MS,Serum,,12/30/2020,1430,3,U/L,10/11/2019,25,0,0,0
MAS,OCR22103,GLU,2,1,MS,Serum,5/1/2021,12/30/2020,1296.5,3,mg/dL,4/4/2007,25,0,0,0
MAS,OCR22103,GLU,49,1,MS,Serum,4/1/2021,12/30/2020,1297.9,3,mg/dL,4/5/2007,25,0,0,0
MAS,OCR22103,GLU,5,1,MS,Serum,5/1/2021,12/30/2020,1300.6,3,mg/dL,8/29/2007,25,0,0,0
MAS,OCR22103,GLU,6,1,MS,Serum,7/1/2021,12/30/2020,1295.5,3,mg/dL,10/5/2007,25,0,0,0
MAS,OCR22103,GLU,7,1,MS,Serum,7/1/2021,12/30/2020,1300.1,3,mg/dL,10/23/2007,25,0,0,0
MAS,OCR22103,GLU,11-XT,1,MS,Serum,1/1/2021,12/30/2020,1298.6,3,mg/dL,3/26/2019,25,0,0,0
MAS,OCR22103,K+,2,1,MS,Serum,,12/30/2020,15.29,3,mmol/L,7/29/2004,25,0,0,0
MAS,OCR22103,LAC,30,1,MS,Serum,,12/30/2020,13.7,3,mmol/L,4/30/2013,25,0,0,0
MAS,OCR22103,LAC,32,1,MS,Serum,7/1/2021,12/30/2020,13.68,3,mmol/L,3/21/2019,25,0,0,0
MAS,OCR22103,LDH,1,1,MS,Serum,3/1/2021,12/30/2020,2394,3,U/L,6/12/2017,25,0,0,0
MAS,OCR22103,LDH,49,1,MS,Serum,7/1/2021,12/30/2020,2442,3,U/L,12/20/2016,25,0,0,0
MAS,OCR22103,LDH,53,1,MS,Serum,1/1/2021,12/30/2020,1576,3,U/L,6/5/2017,25,0,0,0
MAS,OCR22103,LDH,54,1,MS,Serum,7/1/2021,12/30/2020,1602,3,U/L,9/13/2019,25,0,0,0
MAS,OCR22103,LDH,85,1,MS,Serum,5/1/2021,12/30/2020,1587,3,U/L,3/9/2017,25,0,0,0
MAS,OCR22103,LIPA,44,1,MS,Serum,11/1/2020,12/30/2020,1662,3,U/L,7/29/2004,25,0,0,0
MAS,OCR22103,LIPA,46,1,MS,Serum,6/1/2021,12/30/2020,1673,3,U/L,10/19/2004,25,0,0,0
MAS,OCR22103,LIPA,47,1,MS,Serum,7/1/2021,12/30/2020,1662,3,U/L,1/30/2006,25,0,0,0
MAS,OCR22103,LIPA,84,1,MS,Serum,5/1/2021,12/30/2020,1146,3,U/L,6/6/2018,25,0,0,0
MAS,OCR22103,LIPA,85,1,MS,Serum,1/1/2021,12/30/2020,1149,3,U/L,10/5/2018,25,0,0,0
MAS,OCR22103,Li,27,1,MS,Serum,5/1/2021,12/30/2020,12.55,3,mmol/L,2/15/2019,25,0,0,0
MAS,OCR22103,Li,28,1,MS,Serum,,12/30/2020,12.52,3,mmol/L,12/14/2019,25,0,0,0
MAS,OCR22103,Li,29,1,MS,Serum,,12/30/2020,12.57,3,mmol/L,1/17/2020,25,0,0,0
MAS,OCR22102,ALKP,10-XT,1,MS,Serum,12/1/2020,12/30/2020,414,2,U/L,11/13/2018,25,0,0,0
MAS,OCR22102,ALKP,80-XT,1,MS,Serum,12/1/2020,12/30/2020,1330,2,U/L,11/14/2018,25,0,0,0
MAS,OCR22102,ALT,2,1,MS,Serum,7/1/2021,12/30/2020,197,2,U/L,9/12/2007,25,0,0,0
MAS,OCR22102,ALT,3,1,MS,Serum,3/1/2021,12/30/2020,198,2,U/L,11/17/2007,25,0,0,0
MAS,OCR22102,ALT,4,1,MS,Serum,7/1/2021,12/30/2020,197,2,U/L,12/2/2007,25,0,0,0
MAS,OCR22102,ALT,5,1,MS,Serum,,12/30/2020,196,2,U/L,2/11/2008,25,0,0,0
MAS,OCR22102,ALT2,2,1,MS,Serum,1/1/2021,12/30/2020,181,2,U/L,8/14/2018,25,0,0,0
MAS,OCR22102,ALTV,2,1,MS,Serum,7/1/2021,12/30/2020,183,2,U/L,6/1/2018,25,0,0,0
MAS,OCR22102,ALTV,11-XT,1,MS,Serum,6/1/2021,12/30/2020,181,2,U/L,11/20/2019,25,0,0,0
MAS,OCR22102,AMYL,3,1,MS,Serum,2/1/2021,12/30/2020,308,2,U/L,10/13/2009,25,0,0,0
MAS,OCR22102,AMYL,5,1,MS,Serum,7/1/2021,12/30/2020,315,2,U/L,4/22/2010,25,0,0,0
MAS,OCR22102,AMYL,6,1,MS,Serum,6/1/2021,12/30/2020,317,2,U/L,7/31/2010,25,0,0,0
MAS,OCR22102,AMYL,83,1,MS,Serum,2/1/2021,12/30/2020,325,2,U/L,1/24/2018,25,0,0,0
MAS,OCR22102,AMYL,84,1,MS,Serum,5/1/2021,12/30/2020,332,2,U/L,9/9/2019,25,0,0,0
MAS,OCR22102,AST,11-XT,1,MS,Serum,6/1/2021,12/30/2020,181,2,U/L,11/20/2019,25,0,0,0
MAS,OCR22102,ASTJ,8,1,MS,Serum,10/1/2020,12/30/2020,160,2,U/L,1/5/2018,25,0,0,0
MAS,OCR22102,ASTJ,9,1,MS,Serum,6/1/2021,12/30/2020,159,2,U/L,6/19/2019,25,0,0,0
MAS,OCR22102,BUN,29,1,MS,Serum,7/1/2021,12/30/2020,51.2,2,mg/dL,9/29/2017,25,0,0,0
MAS,OCR22102,BUN,31,1,MS,Serum,7/1/2021,12/30/2020,51.4,2,mg/dL,10/7/2019,25,0,0,0
MAS,OCR22102,BUN,11-XT,1,MS,Serum,6/1/2021,12/30/2020,50.8,2,mg/dL,6/1/2019,25,0,0,0
MAS,OCR22102,Bc,40,1,MS,Serum,11/1/2020,12/30/2020,3.72,2,mg/dL,10/4/2007,25,0,0,0
MAS,OCR22102,Bc,41,1,MS,Serum,12/1/2020,12/30/2020,3.67,2,mg/dL,12/1/2007,25,0,0,0
MAS,OCR22102,Bc,42,1,MS,Serum,1/1/2021,12/30/2020,3.78,2,mg/dL,1/2/2008,25,0,0,0
MAS,OCR22102,Bc,43,1,MS,Serum,2/1/2021,12/30/2020,3.75,2,mg/dL,2/11/2008,25,0,0,0
MAS,OCR22102,Bc,44,1,MS,Serum,4/1/2021,12/30/2020,3.93,2,mg/dL,2/25/2008,25,0,0,0
MAS,OCR22102,Bc,45,1,MS,Serum,6/1/2021,12/30/2020,4.27,2,mg/dL,4/16/2008,25,0,0,0
MAS,OCR22102,Bc,46,1,MS,Serum,6/1/2021,12/30/2020,4.4,2,mg/dL,5/5/2008,25,0,0,0
MAS,OCR22102,Bc,47,1,MS,Serum,,12/30/2020,4.23,2,mg/dL,5/19/2008,25,0,0,0
MAS,OCR22102,Bu,40,1,MS,Serum,11/1/2020,12/30/2020,8.81,2,mg/dL,10/4/2007,25,0,0,0
MAS,OCR22102,Bu,41,1,MS,Serum,12/1/2020,12/30/2020,9.06,2,mg/dL,12/3/2007,25,0,0,0
MAS,OCR22102,Bu,42,1,MS,Serum,1/1/2021,12/30/2020,9.09,2,mg/dL,1/2/2008,25,0,0,0
MAS,OCR22102,Bu,43,1,MS,Serum,2/1/2021,12/30/2020,9.18,2,mg/dL,2/11/2008,25,0,0,0
MAS,OCR22102,Bu,44,1,MS,Serum,4/1/2021,12/30/2020,9.04,2,mg/dL,2/25/2008,25,0,0,0
MAS,OCR22102,Bu,45,1,MS,Serum,6/1/2021,12/30/2020,9.3,2,mg/dL,4/16/2008,25,0,0,0
MAS,OCR22102,Bu,46,1,MS,Serum,6/1/2021,12/30/2020,9.21,2,mg/dL,5/5/2008,25,0,0,0
MAS,OCR22102,Bu,47,1,MS,Serum,,12/30/2020,9.25,2,mg/dL,5/19/2008,25,0,0,0
MAS,OCR22102,CHE,4,1,MS,Serum,2/1/2021,12/30/2020,6.12,2,U/mL,10/5/2017,25,0,0,0
MAS,OCR22102,CHE,6,1,MS,Serum,5/1/2021,12/30/2020,6.15,2,U/mL,2/13/2019,25,0,0,0
MAS,OCR22102,CHE,86,1,MS,Serum,2/1/2021,12/30/2020,0.28,2,U/mL,11/16/2018,25,0,0,0
MAS,OCR22102,CHOL,39,1,MS,Serum,11/1/2020,12/30/2020,232.2,2,mg/dL,8/29/2017,25,0,0,0
MAS,OCR22102,CHOL,43,1,MS,Serum,7/1/2021,12/30/2020,234.6,2,mg/dL,11/5/2007,25,0,0,0
MAS,OCR22102,CHOL,10-XT,1,MS,Serum,6/1/2021,12/30/2020,240,2,mg/dL,8/16/2018,25,0,0,0
MAS,OCR22102,CK,12,1,MS,Serum,7/1/2021,12/30/2020,796,2,U/L,7/3/2018,25,0,0,0
MAS,OCR22102,CK,15,1,MS,Serum,5/1/2021,12/30/2020,798,2,U/L,10/30/2019,25,0,0,0
MAS,OCR22102,CK,86,1,MS,Serum,5/1/2021,12/30/2020,856,2,U/L,7/10/2017,25,0,0,0
MAS,OCR22102,CK,9,1,MS,Serum,,12/30/2020,799,2,U/L,6/23/2017,25,0,0,0
MAS,OCR22102,CREA,19,1,MS,Serum,11/1/2020,12/30/2020,5.46,2,mg/dL,11/3/2004,25,0,0,0
MAS,OCR22102,CREA,22,1,MS,Serum,10/1/2020,12/30/2020,5.49,2,mg/dL,10/17/2006,25,0,0,0
MAS,OCR22102,CREA,23,1,MS,Serum,6/1/2021,12/30/2020,5.44,2,mg/dL,12/6/2006,25,0,0,0
MAS,OCR22102,CREA,25,1,MS,Serum,1/1/2021,12/30/2020,5.54,2,mg/dL,7/29/2004,25,0,0,0
MAS,OCR22102,CREA,26,1,MS,Serum,1/1/2021,12/30/2020,5.45,2,mg/dL,6/20/2006,25,0,0,0
MAS,OCR22102,CREA,27,1,MS,Serum,2/1/2021,12/30/2020,5.57,2,mg/dL,10/18/2006,25,0,0,0
MAS,OCR22102,CREA,29,1,MS,Serum,5/1/2021,12/30/2020,5.39,2,mg/dL,7/29/2004,25,0,0,0
MAS,OCR22102,CREA,30,1,MS,Serum,4/1/2021,12/30/2020,5.48,2,mg/dL,9/9/2019,25,0,0,0
MAS,OCR22102,CREA,31,1,MS,Serum,7/1/2021,12/30/2020,5.4,2,mg/dL,1/3/2020,25,0,0,0
MAS,OCR22102,CREA,11-XT,1,MS,Serum,6/1/2021,12/30/2020,5.38,2,mg/dL,6/1/2019,25,0,0,0
MAS,OCR22102,Ca,15,1,MS,Serum,,12/30/2020,11.74,2,mg/dL,6/15/2006,25,0,0,0
MAS,OCR22102,Ca,16,1,MS,Serum,,12/30/2020,11.9,2,mg/dL,7/27/2006,25,0,0,0
MAS,OCR22102,Ca,18,1,MS,Serum,,12/30/2020,11.87,2,mg/dL,10/10/2006,25,0,0,0
MAS,OCR22102,Ca,28,1,MS,Serum,11/1/2020,12/30/2020,11.78,2,mg/dL,7/29/2004,25,0,0,0
MAS,OCR22102,Ca,29,1,MS,Serum,11/1/2020,12/30/2020,11.76,2,mg/dL,7/29/2004,25,0,0,0
MAS,OCR22102,Ca,30,1,MS,Serum,1/1/2021,12/30/2020,11.82,2,mg/dL,8/13/2007,25,0,0,0
MAS,OCR22102,Ca,32,1,MS,Serum,2/1/2021,12/30/2020,11.82,2,mg/dL,11/5/2007,25,0,0,0
MAS,OCR22102,Ca,34,1,MS,Serum,4/1/2021,12/30/2020,11.88,2,mg/dL,7/29/2004,25,0,0,0
MAS,OCR22102,Ca,35,1,MS,Serum,4/1/2021,12/30/2020,11.8,2,mg/dL,7/29/2004,25,0,0,0
MAS,OCR22102,Ca,36,1,MS,Serum,6/1/2021,12/30/2020,11.77,2,mg/dL,7/29/2004,25,0,0,0
MAS,OCR22102,Ca,37,1,MS,Serum,7/1/2021,12/30/2020,11.83,2,mg/dL,7/29/2004,25,0,0,0
MAS,OCR22102,Ca,11-XT,1,MS,Serum,1/1/2021,12/30/2020,11.87,2,mg/dL,3/21/2019,25,0,0,0
MAS,OCR22102,Cl-,10,1,MS,Serum,7/1/2021,12/30/2020,112.5,2,mmol/L,12/2/2016,25,0,0,0
MAS,OCR22102,Cl-,5,1,MS,Serum,,12/30/2020,112.2,2,mmol/L,9/11/2007,25,0,0,0
MAS,OCR22102,DGXN,20,1,MS,Serum,,12/30/2020,2.12,2,ng/mL,5/9/2006,25,0,0,0
MAS,OCR22102,ECO2,21,1,MS,Serum,3/1/2021,12/30/2020,14.2,2,mmol/L,8/12/2016,25,0,0,0
MAS,OCR22102,ECO2,24,1,MS,Serum,7/1/2021,12/30/2020,14.9,2,mmol/L,10/2/2017,25,0,0,0
MAS,OCR22102,ECO2,25,1,MS,Serum,,12/30/2020,15,2,mmol/L,1/14/2020,25,0,0,0
MAS,OCR22102,Fe,21,1,MS,Serum,2/1/2021,12/30/2020,204.7,2,µg/dL,2/23/2010,25,0,0,0
MAS,OCR22102,Fe,22,1,MS,Serum,6/1/2021,12/30/2020,210.5,2,µg/dL,2/26/2010,25,0,0,0
MAS,OCR22102,Fe,23,1,MS,Serum,6/1/2021,12/30/2020,205.2,2,µg/dL,3/2/2010,25,0,0,0
MAS,OCR22102,GGT,36,1,MS,Serum,11/1/2020,12/30/2020,407,2,U/L,7/29/2004,25,0,0,0
MAS,OCR22102,GGT,40,1,MS,Serum,5/1/2021,12/30/2020,398,2,U/L,4/11/2005,25,0,0,0
MAS,OCR22102,GGT,41,1,MS,Serum,1/1/2021,12/30/2020,392,2,U/L,7/14/2005,25,0,0,0
MAS,OCR22102,GGT,43,1,MS,Serum,4/1/2021,12/30/2020,387,2,U/L,11/16/2005,25,0,0,0
MAS,OCR22102,GGT,44,1,MS,Serum,7/1/2021,12/30/2020,383,2,U/L,5/9/2006,25,0,0,0
MAS,OCR22102,GGT,45,1,MS,Serum,,12/30/2020,388,2,U/L,5/22/2006,25,0,0,0
MAS,OCR22102,GGT,95,1,MS,Serum,4/1/2021,12/30/2020,443,2,U/L,3/11/2019,25,0,0,0
MAS,OCR22102,GGT,96,1,MS,Serum,,12/30/2020,430,2,U/L,10/11/2019,25,0,0,0
MAS,OCR22102,GLU,2,1,MS,Serum,5/1/2021,12/30/2020,296.5,2,mg/dL,4/4/2007,25,0,0,0
MAS,OCR22102,GLU,49,1,MS,Serum,4/1/2021,12/30/2020,297.9,2,mg/dL,4/5/2007,25,0,0,0
MAS,OCR22102,GLU,5,1,MS,Serum,5/1/2021,12/30/2020,300.6,2,mg/dL,8/29/2007,25,0,0,0
MAS,OCR22102,GLU,6,1,MS,Serum,7/1/2021,12/30/2020,295.5,2,mg/dL,10/5/2007,25,0,0,0
MAS,OCR22102,GLU,7,1,MS,Serum,7/1/2021,12/30/2020,300.1,2,mg/dL,10/23/2007,25,0,0,0
MAS,OCR22102,GLU,11-XT,1,MS,Serum,1/1/2021,12/30/2020,298.6,2,mg/dL,3/26/2019,25,0,0,0
MAS,OCR22102,K+,2,1,MS,Serum,,12/30/2020,5.29,2,mmol/L,7/29/2004,25,0,0,0
MAS,OCR22102,LAC,30,1,MS,Serum,,12/30/2020,3.7,2,mmol/L,4/30/2013,25,0,0,0
MAS,OCR22102,LAC,32,1,MS,Serum,7/1/2021,12/30/2020,3.68,2,mmol/L,3/21/2019,25,0,0,0
MAS,OCR22102,LDH,1,1,MS,Serum,3/1/2021,12/30/2020,1394,2,U/L,6/12/2017,25,0,0,0
MAS,OCR22102,LDH,49,1,MS,Serum,7/1/2021,12/30/2020,1442,2,U/L,12/20/2016,25,0,0,0
MAS,OCR22102,LDH,53,1,MS,Serum,1/1/2021,12/30/2020,576,2,U/L,6/5/2017,25,0,0,0
MAS,OCR22102,LDH,54,1,MS,Serum,7/1/2021,12/30/2020,602,2,U/L,9/13/2019,25,0,0,0
MAS,OCR22102,LDH,85,1,MS,Serum,5/1/2021,12/30/2020,587,2,U/L,3/9/2017,25,0,0,0
MAS,OCR22102,LIPA,44,1,MS,Serum,11/1/2020,12/30/2020,662,2,U/L,7/29/2004,25,0,0,0
MAS,OCR22102,LIPA,46,1,MS,Serum,6/1/2021,12/30/2020,673,2,U/L,10/19/2004,25,0,0,0
MAS,OCR22102,LIPA,47,1,MS,Serum,7/1/2021,12/30/2020,662,2,U/L,1/30/2006,25,0,0,0
MAS,OCR22102,LIPA,84,1,MS,Serum,5/1/2021,12/30/2020,146,2,U/L,6/6/2018,25,0,0,0
MAS,OCR22102,LIPA,85,1,MS,Serum,1/1/2021,12/30/2020,149,2,U/L,10/5/2018,25,0,0,0
MAS,OCR22102,Li,27,1,MS,Serum,5/1/2021,12/30/2020,2.55,2,mmol/L,2/15/2019,25,0,0,0
MAS,OCR22102,Li,28,1,MS,Serum,,12/30/2020,2.52,2,mmol/L,12/14/2019,25,0,0,0
MAS,OCR22102,Li,29,1,MS,Serum,,12/30/2020,2.57,2,mmol/L,1/17/2020,25,0,0,0
MAS,OCR22102,Li,30,1,MS,Serum,,12/30/2020,2.64,2,mmol/L,1/17/2020,25,0,0,0
MAS,OCR22102,Mg,5,1,MS,Serum,6/1/2021,12/30/2020,4.3,2,mg/dL,1/21/2019,25,0,0,0
MAS,OCR22102,Mg,6,1,MS,Serum,7/1/2021,12/30/2020,4.32,2,mg/dL,4/12/2019,25,0,0,0
MAS,OCR22102,Na+,19,1,MS,Serum,5/1/2021,12/30/2020,143.3,2,mmol/L,1/27/2014,25,0,0,0
MAS,OCR22102,Na+,20,1,MS,Serum,11/1/2020,12/30/2020,143.1,2,mmol/L,1/31/2014,25,0,0,0
MAS,OCR22102,Na+,24,1,MS,Serum,3/1/2021,12/30/2020,142.9,2,mmol/L,6/27/2014,25,0,0,0
MAS,OCR22102,Na+,25,1,MS,Serum,4/1/2021,12/30/2020,142.1,2,mmol/L,7/29/2004,25,0,0,0
MAS,OCR22102,Na+,26,1,MS,Serum,12/30/2020,12/30/2020,142.4,2,mmol/L,10/16/2014,25,0,0,0
MAS,OCR22102,Na+,27,1,MS,Serum,7/1/2021,12/30/2020,141.3,2,mmol/L,7/29/2004,25,0,0,0
MAS,OCR22102,PHOS,1,1,MS,Serum,,12/30/2020,6.84,2,mg/dL,1/20/2020,25,0,0,0
MAS,OCR22102,PHOS,49,1,MS,Serum,7/1/2021,12/30/2020,6.88,2,mg/dL,5/15/2019,25,0,0,0
MAS,OCR22102,PHYT,20,1,MS,Serum,,12/30/2020,19.2,2,µg/mL,8/30/2019,25,0,0,0
MAS,OCR22102,TBIL,32,1,MS,Serum,3/1/2021,12/30/2020,15.81,2,mg/dL,7/29/2004,25,0,0,0
MAS,OCR22102,TBIL,34,1,MS,Serum,10/1/2020,12/30/2020,14.97,2,mg/dL,7/29/2004,25,0,0,0
MAS,OCR22102,TBIL,36,1,MS,Serum,12/1/2020,12/30/2020,15.17,2,mg/dL,7/29/2004,25,0,0,0
MAS,OCR22102,TBIL,37,1,MS,Serum,3/1/2021,12/30/2020,15.28,2,mg/dL,7/29/2004,25,0,0,0
MAS,OCR22102,TBIL,38,1,MS,Serum,2/1/2021,12/30/2020,15.15,2,mg/dL,8/6/2004,25,0,0,0
MAS,OCR22102,TBIL,39,1,MS,Serum,5/1/2021,12/30/2020,15,2,mg/dL,10/5/2004,25,0,0,0
MAS,OCR22102,TBIL,40,1,MS,Serum,7/1/2021,12/30/2020,15.12,2,mg/dL,11/15/2004,25,0,0,0
MAS,OCR22102,TBIL,10-XT,1,MS,Serum,12/1/2020,12/30/2020,15.1,2,mg/dL,11/13/2018,25,0,0,0
MAS,OCR22102,TBIL,80-XT,1,MS,Serum,12/1/2020,12/30/2020,15.28,2,mg/dL,11/30/2018,25,0,0,0
MAS,OCR22102,THEO,6,1,MS,Serum,7/1/2021,12/30/2020,20.7,2,µg/mL,6/15/2018,25,0,0,0
MAS,OCR22102,TIBC,21,1,MS,Serum,2/1/2021,12/30/2020,459,2,µg/dL,2/23/2010,25,0,0,0
MAS,OCR22102,TIBC,22,1,MS,Serum,6/1/2021,12/30/2020,453,2,µg/dL,2/26/2010,25,0,0,0
MAS,OCR22102,TIBC,23,1,MS,Serum,6/1/2021,12/30/2020,470,2,µg/dL,3/5/2010,25,0,0,0
MAS,OCR22102,TP,12,1,MS,Serum,7/1/2021,12/30/2020,6.27,2,g/dL,5/7/2009,25,0,0,0
MAS,OCR22102,TP,15,1,MS,Serum,5/1/2021,12/30/2020,6.29,2,g/dL,7/15/2009,25,0,0,0
MAS,OCR22102,TP,49,1,MS,Serum,4/1/2021,12/30/2020,6.23,2,g/dL,9/22/2006,25,0,0,0
MAS,OCR22102,TP,5,1,MS,Serum,7/1/2021,12/30/2020,6.13,2,g/dL,9/29/2007,25,0,0,0
MAS,OCR22102,TP,7,1,MS,Serum,11/1/2020,12/30/2020,6.23,2,g/dL,11/24/2008,25,0,0,0
MAS,OCR22102,TP,8,1,MS,Serum,2/1/2021,12/30/2020,6.27,2,g/dL,3/25/2008,25,0,0,0
MAS,OCR22102,TP,10-XT,1,MS,Serum,1/1/2021,12/30/2020,6.2,2,g/dL,10/17/2018,25,0,0,0
MAS,OCR22102,TRIG,42,1,MS,Serum,7/1/2021,12/30/2020,253.4,2,mg/dL,6/16/2011,25,0,0,0
MAS,OCR22102,TRIG,43,1,MS,Serum,4/1/2021,12/30/2020,257,2,mg/dL,7/19/2012,25,0,0,0
MAS,OCR22102,TRIG,45,1,MS,Serum,,12/30/2020,252.4,2,mg/dL,7/11/2013,25,0,0,0
MAS,OCR22102,TRIG,10-XT,1,MS,Serum,6/1/2021,12/30/2020,253.6,2,mg/dL,8/16/2018,25,0,0,0
MAS,OCR22102,URIC,38,1,MS,Serum,7/1/2021,12/30/2020,10.25,2,mg/dL,9/19/2017,25,0,0,0
MAS,OCR22102,URIC,42,1,MS,Serum,6/1/2021,12/30/2020,10.65,2,mg/dL,3/27/2019,25,0,0,0
MAS,OCR22102,URIC,43,1,MS,Serum,12/1/2020,12/30/2020,10.49,2,mg/dL,3/27/2019,25,0,0,0
MAS,OCR22102,URIC,44,1,MS,Serum,2/1/2021,12/30/2020,10.28,2,mg/dL,4/16/2019,25,0,0,0
MAS,OCR22102,URIC,45,1,MS,Serum,5/1/2021,12/30/2020,10.25,2,mg/dL,6/28/2019,25,0,0,0
MAS,OCR22102,URIC,46,1,MS,Serum,,12/30/2020,10.61,2,mg/dL,1/17/2020,25,0,0,0
MAS,OCR22102,VAST,23,1,MS,Serum,3/1/2021,12/30/2020,178,2,U/L,11/16/2015,25,0,0,0
MAS,OCR22102,VAST,25,1,MS,Serum,5/1/2021,12/30/2020,181,2,U/L,3/7/2019,25,0,0,0
MAS,OCR22102,VAST,26,1,MS,Serum,7/1/2021,12/30/2020,178,2,U/L,10/30/2019,25,0,0,0
MAS,OCR22102,dHDL,10,1,MS,Serum,11/1/2020,12/30/2020,59.2,2,mg/dL,6/18/2007,25,0,0,0
MAS,OCR22102,dHDL,23,1,MS,Serum,10/1/2020,12/30/2020,57,2,mg/dL,10/16/2009,25,0,0,0
MAS,OCR22102,dHDL,24,1,MS,Serum,12/1/2020,12/30/2020,58.6,2,mg/dL,10/15/2009,25,0,0,0
MAS,OCR22102,dHDL,25,1,MS,Serum,,12/30/2020,62.1,2,mg/dL,7/9/2010,25,0,0,0
MAS,OCR22102,dLDL,30,1,MT,Serum,8/5/2021,12/30/2020,115.2,2,mg/dL,4/1/2019,25,0,0,0
MAS,OCR22103,ALB,27,1,MS,Serum,7/1/2021,12/30/2020,14,3,g/dL,1/8/2019,25,0,0,0
MAS,OCR22103,ALB,28,1,MS,Serum,4/1/2021,12/30/2020,13.93,3,g/dL,7/29/2004,25,0,0,0
MAS,OCR22103,ALB,10-XT,1,MS,Serum,1/1/2021,12/30/2020,14,3,g/dL,10/17/2018,25,0,0,0
MAS,OCR22103,ALKP,21,1,MS,Serum,7/1/2021,12/30/2020,1452,3,U/L,12/10/2018,25,0,0,0
MAS,OCR22103,ALKP,23,1,MS,Serum,7/1/2021,12/30/2020,1446,3,U/L,4/15/2019,25,0,0,0
MAS,OCR22103,ALKP,24,1,MS,Serum,7/1/2021,12/30/2020,1438,3,U/L,6/19/2019,25,0,0,0
MAS,OCR22103,ALKP,90,1,MS,Serum,11/1/2020,12/30/2020,2387,3,U/L,10/16/2018,25,0,0,0
MAS,OCR22103,ALKP,91,1,MS,Serum,2/1/2021,12/30/2020,2426,3,U/L,4/22/2019,25,0,0,0
MAS,OCR22103,ALKP,10-XT,1,MS,Serum,12/1/2020,12/30/2020,1414,3,U/L,11/13/2018,25,0,0,0
MAS,OCR22103,ALKP,80-XT,1,MS,Serum,12/1/2020,12/30/2020,2330,3,U/L,11/14/2018,25,0,0,0
MAS,OCR22103,ALT,2,1,MS,Serum,7/1/2021,12/30/2020,1197,3,U/L,9/12/2007,25,0,0,0
MAS,OCR22103,ALT,3,1,MS,Serum,3/1/2021,12/30/2020,1198,3,U/L,11/17/2007,25,0,0,0
MAS,OCR22103,ALT,4,1,MS,Serum,7/1/2021,12/30/2020,1197,3,U/L,12/2/2007,25,0,0,0
MAS,OCR22103,ALT,5,1,MS,Serum,,12/30/2020,1196,3,U/L,2/11/2008,25,0,0,0
MAS,OCR22103,ALT2,2,1,MS,Serum,1/1/2021,12/30/2020,1181,3,U/L,8/14/2018,25,0,0,0
MAS,OCR22103,ALTV,2,1,MS,Serum,7/1/2021,12/30/2020,1183,3,U/L,6/1/2018,25,0,0,0
MAS,OCR22103,ALTV,11-XT,1,MS,Serum,6/1/2021,12/30/2020,1181,3,U/L,11/20/2019,25,0,0,0
MAS,OCR22103,AMYL,3,1,MS,Serum,2/1/2021,12/30/2020,1308,3,U/L,10/13/2009,25,0,0,0
MAS,OCR22103,AMYL,5,1,MS,Serum,7/1/2021,12/30/2020,1315,3,U/L,4/22/2010,25,0,0,0
MAS,OCR22103,AMYL,6,1,MS,Serum,6/1/2021,12/30/2020,1317,3,U/L,7/31/2010,25,0,0,0
MAS,OCR22103,AMYL,83,1,MS,Serum,2/1/2021,12/30/2020,1325,3,U/L,1/24/2018,25,0,0,0
MAS,OCR22103,AMYL,84,1,MS,Serum,5/1/2021,12/30/2020,1332,3,U/L,9/9/2019,25,0,0,0
MAS,OCR22103,AST,11-XT,1,MS,Serum,6/1/2021,12/30/2020,1181,3,U/L,11/20/2019,25,0,0,0
MAS,OCR22103,ASTJ,8,1,MS,Serum,10/1/2020,12/30/2020,1160,3,U/L,1/5/2018,25,0,0,0
MAS,OCR22103,ASTJ,9,1,MS,Serum,6/1/2021,12/30/2020,1159,3,U/L,6/19/2019,25,0,0,0
MAS,OCR22103,BUN,29,1,MS,Serum,7/1/2021,12/30/2020,151.2,3,mg/dL,9/29/2017,25,0,0,0
MAS,OCR22103,BUN,31,1,MS,Serum,7/1/2021,12/30/2020,151.4,3,mg/dL,10/7/2019,25,0,0,0
MAS,OCR22103,BUN,11-XT,1,MS,Serum,6/1/2021,12/30/2020,150.8,3,mg/dL,6/1/2019,25,0,0,0
MAS,OCR22103,Bc,40,1,MS,Serum,11/1/2020,12/30/2020,13.72,3,mg/dL,10/4/2007,25,0,0,0
MAS,OCR22103,Bc,41,1,MS,Serum,12/1/2020,12/30/2020,13.67,3,mg/dL,12/1/2007,25,0,0,0
MAS,OCR22103,Bc,42,1,MS,Serum,1/1/2021,12/30/2020,13.78,3,mg/dL,1/2/2008,25,0,0,0
MAS,OCR22103,Bc,43,1,MS,Serum,2/1/2021,12/30/2020,13.75,3,mg/dL,2/11/2008,25,0,0,0
MAS,OCR22103,Bc,44,1,MS,Serum,4/1/2021,12/30/2020,13.93,3,mg/dL,2/25/2008,25,0,0,0
MAS,OCR22103,Bc,45,1,MS,Serum,6/1/2021,12/30/2020,14.27,3,mg/dL,4/16/2008,25,0,0,0
MAS,OCR22103,Bc,46,1,MS,Serum,6/1/2021,12/30/2020,14.4,3,mg/dL,5/5/2008,25,0,0,0
MAS,OCR22103,Bc,47,1,MS,Serum,,12/30/2020,14.23,3,mg/dL,5/19/2008,25,0,0,0
MAS,OCR22103,Bu,40,1,MS,Serum,11/1/2020,12/30/2020,18.81,3,mg/dL,10/4/2007,25,0,0,0
MAS,OCR22103,Bu,41,1,MS,Serum,12/1/2020,12/30/2020,19.06,3,mg/dL,12/3/2007,25,0,0,0
MAS,OCR22103,Bu,42,1,MS,Serum,1/1/2021,12/30/2020,19.09,3,mg/dL,1/2/2008,25,0,0,0
MAS,OCR22103,Bu,43,1,MS,Serum,2/1/2021,12/30/2020,19.18,3,mg/dL,2/11/2008,25,0,0,0
MAS,OCR22103,Bu,44,1,MS,Serum,4/1/2021,12/30/2020,19.04,3,mg/dL,2/25/2008,25,0,0,0
MAS,OCR22103,Bu,45,1,MS,Serum,6/1/2021,12/30/2020,19.3,3,mg/dL,4/16/2008,25,0,0,0
MAS,OCR22103,Bu,46,1,MS,Serum,6/1/2021,12/30/2020,19.21,3,mg/dL,5/5/2008,25,0,0,0
MAS,OCR22103,Bu,47,1,MS,Serum,,12/30/2020,19.25,3,mg/dL,5/19/2008,25,0,0,0
MAS,OCR22103,CHE,4,1,MS,Serum,2/1/2021,12/30/2020,16.12,3,U/mL,10/5/2017,25,0,0,0
MAS,OCR22103,CHE,6,1,MS,Serum,5/1/2021,12/30/2020,16.15,3,U/mL,2/13/2019,25,0,0,0
MAS,OCR22103,CHE,86,1,MS,Serum,2/1/2021,12/30/2020,10.28,3,U/mL,11/16/2018,25,0,0,0
MAS,OCR22103,CHOL,39,1,MS,Serum,11/1/2020,12/30/2020,1232.2,3,mg/dL,8/29/2017,25,0,0,0
MAS,OCR22103,CHOL,43,1,MS,Serum,7/1/2021,12/30/2020,1234.6,3,mg/dL,11/5/2007,25,0,0,0
MAS,OCR22103,CHOL,10-XT,1,MS,Serum,6/1/2021,12/30/2020,1240,3,mg/dL,8/16/2018,25,0,0,0
MAS,OCR22103,CK,12,1,MS,Serum,7/1/2021,12/30/2020,1796,3,U/L,7/3/2018,25,0,0,0
MAS,OCR22103,CK,15,1,MS,Serum,5/1/2021,12/30/2020,1798,3,U/L,10/30/2019,25,0,0,0
MAS,OCR22103,CK,86,1,MS,Serum,5/1/2021,12/30/2020,1856,3,U/L,7/10/2017,25,0,0,0
MAS,OCR22103,CK,9,1,MS,Serum,,12/30/2020,7199,3,U/L,6/23/2017,25,0,0,0
MAS,OCR22103,CREA,19,1,MS,Serum,11/1/2020,12/30/2020,15.46,3,mg/dL,11/3/2004,25,0,0,0
MAS,OCR22103,CREA,22,1,MS,Serum,10/1/2020,12/30/2020,15.49,3,mg/dL,10/17/2006,25,0,0,0
MAS,OCR22103,CREA,23,1,MS,Serum,6/1/2021,12/30/2020,15.44,3,mg/dL,12/6/2006,25,0,0,0
MAS,OCR22103,CREA,25,1,MS,Serum,1/1/2021,12/30/2020,15.54,3,mg/dL,7/29/2004,25,0,0,0
MAS,OCR22103,CREA,26,1,MS,Serum,1/1/2021,12/30/2020,15.45,3,mg/dL,6/20/2006,25,0,0,0
MAS,OCR22103,CREA,27,1,MS,Serum,2/1/2021,12/30/2020,15.57,3,mg/dL,10/18/2006,25,0,0,0
MAS,OCR22103,CREA,29,1,MS,Serum,5/1/2021,12/30/2020,15.39,3,mg/dL,7/29/2004,25,0,0,0
MAS,OCR22103,CREA,30,1,MS,Serum,4/1/2021,12/30/2020,15.48,3,mg/dL,9/9/2019,25,0,0,0
MAS,OCR22103,CREA,31,1,MS,Serum,7/1/2021,12/30/2020,15.4,3,mg/dL,1/3/2020,25,0,0,0
MAS,OCR22103,CREA,11-XT,1,MS,Serum,6/1/2021,12/30/2020,15.38,3,mg/dL,6/1/2019,25,0,0,0
MAS,OCR22103,Ca,15,1,MS,Serum,,12/30/2020,111.74,3,mg/dL,6/15/2006,25,0,0,0
MAS,OCR22103,Ca,16,1,MS,Serum,,12/30/2020,111.9,3,mg/dL,7/27/2006,25,0,0,0
MAS,OCR22103,Ca,18,1,MS,Serum,,12/30/2020,111.87,3,mg/dL,10/10/2006,25,0,0,0
MAS,OCR22103,Ca,28,1,MS,Serum,11/1/2020,12/30/2020,111.78,3,mg/dL,7/29/2004,25,0,0,0
MAS,OCR22103,Ca,29,1,MS,Serum,11/1/2020,12/30/2020,111.76,3,mg/dL,7/29/2004,25,0,0,0
MAS,OCR22103,Ca,30,1,MS,Serum,1/1/2021,12/30/2020,111.82,3,mg/dL,8/13/2007,25,0,0,0
MAS,OCR22103,Ca,32,1,MS,Serum,2/1/2021,12/30/2020,111.82,3,mg/dL,11/5/2007,25,0,0,0
MAS,OCR22103,Ca,34,1,MS,Serum,4/1/2021,12/30/2020,111.88,3,mg/dL,7/29/2004,25,0,0,0
MAS,OCR22103,Ca,35,1,MS,Serum,4/1/2021,12/30/2020,111.8,3,mg/dL,7/29/2004,25,0,0,0
MAS,OCR22103,Ca,36,1,MS,Serum,6/1/2021,12/30/2020,111.77,3,mg/dL,7/29/2004,25,0,0,0
MAS,OCR22103,Ca,37,1,MS,Serum,7/1/2021,12/30/2020,111.83,3,mg/dL,7/29/2004,25,0,0,0
MAS,OCR22103,Ca,11-XT,1,MS,Serum,1/1/2021,12/30/2020,111.87,3,mg/dL,3/21/2019,25,0,0,0
MAS,OCR22103,Cl-,10,1,MS,Serum,7/1/2021,12/30/2020,1112.5,3,mmol/L,12/2/2016,25,0,0,0
MAS,OCR22103,Cl-,5,1,MS,Serum,,12/30/2020,1112.2,3,mmol/L,9/11/2007,25,0,0,0
MAS,OCR22103,DGXN,20,1,MS,Serum,,12/30/2020,12.12,3,ng/mL,5/9/2006,25,0,0,0
MAS,OCR22103,ECO2,21,1,MS,Serum,3/1/2021,12/30/2020,114.2,3,mmol/L,8/12/2016,25,0,0,0
MAS,OCR22103,ECO2,24,1,MS,Serum,7/1/2021,12/30/2020,114.9,3,mmol/L,10/2/2017,25,0,0,0
MAS,UC20082,GLU,83-XT,2,MS,Urine,1/1/2021,6/5/2021,83.5,2,mg/dL,9/30/2020,27,0,0,0
MAS,UC20083,GLU,83-XT,2,MS,Urine,1/1/2021,7/5/2021,101.4,3,mg/dL,9/30/2020,27,0,0,0
MAS,AA20111,AMON,28,1,MS,Serum,6/1/2021,5/15/2021,45.6,1,µmol/L,9/29/2020,32,0,0,0
MAS,AA20112,AMON,28,1,MS,Serum,6/1/2021,12/12/2021,189.6,2,µmol/L,9/29/2020,32,0,0,0
MAS,AA21051,AMON,28,1,MS,Serum,6/1/2021,11/4/2020,41.9,1,µmol/L,9/29/2020,32,0,0,0
MAS,AA21051,AMON,29,2,MS,Serum,6/1/2022,11/4/2020,40,1,µmol/L,10/2/2020,32,0,0,0
MAS,AA21052,AMON,28,1,MS,Serum,6/1/2021,11/4/2020,186.9,2,µmol/L,9/29/2020,32,0,0,0
MAS,AA21052,AMON,29,2,MS,Serum,6/1/2022,11/4/2020,190,2,µmol/L,10/2/2020,32,0,0,0
MAS,OCR22101,dLDL,30,1,MT,Serum,8/5/2021,12/30/2021,0,1,,2/14/2019,2,0,0,0
MAS,OCR22061,Ca,83-XT,1,MS,Serum,1/1/2021,1/14/2021,11.62,1,mg/dL,3/26/2019,28,0,0,0
MAS,OCR22061,GENT,63,1,MT,Serum,5/7/2021,1/14/2021,1.09,1,µg/mL,9/11/2015,28,0,0,0
MAS,OCR22061,GLU,61,1,MS,Serum,4/1/2021,1/14/2021,88.5,1,mg/dL,3/14/2007,28,0,0,0
MAS,OCR22061,GLU,83-XT,1,MS,Serum,1/1/2021,1/14/2021,90,1,mg/dL,3/26/2019,28,0,0,0
MAS,OCR22062,Ca,83-XT,1,MS,Serum,1/1/2021,1/14/2021,21.3,2,mg/dL,3/26/2019,28,0,0,0
MAS,OCR22062,GENT,63,1,MT,Serum,5/7/2021,1/14/2021,3.71,2,µg/mL,9/11/2015,28,0,0,0
MAS,OCR22062,GLU,61,1,MS,Serum,4/1/2021,1/14/2021,321.3,2,mg/dL,3/14/2007,28,0,0,0
MAS,OCR22062,GLU,83-XT,1,MS,Serum,1/1/2021,1/14/2021,300.6,2,mg/dL,3/26/2019,28,0,0,0
MAS,OCR22063,Ca,83-XT,1,MS,Serum,1/1/2021,5/13/2021,42.8,3,mg/dL,3/26/2019,28,0,0,0
MAS,OCR22063,GENT,63,1,MT,Serum,5/7/2021,5/13/2021,7.29,3,µg/mL,9/11/2015,28,0,0,0
MAS,OCR22063,GLU,61,1,MS,Serum,4/1/2021,5/13/2021,1250.7,3,mg/dL,3/14/2007,28,0,0,0
MAS,OCR22063,GLU,83-XT,1,MS,Serum,1/1/2021,5/13/2021,1299.1,3,mg/dL,3/26/2019,28,0,0,0
MAS,DBCL20091,%A1c,65,1,MT,Blood,7/10/2021,8/12/2021,6.04,1,%,1/13/2020,29,0,0,0
MAS,DBCL20091,HbA1c,65,1,MT,Blood,7/10/2021,8/12/2021,9.87,1,mmol/mol,1/13/2020,29,0,0,0
MAS,DBCL20092,%A1c,65,1,MT,Blood,7/10/2021,9/12/2021,42.5,2,%,1/13/2020,29,0,0,0
MAS,DBCL20092,HbA1c,65,1,MT,Blood,7/10/2021,9/12/2021,84.4,2,mmol/mol,1/13/2020,29,0,0,0
MAS,OCR22061,GLU,83-XT,2,MS,Serum,1/1/2021,1/14/2021,80,1,mg/dL,10/1/2020,30,0,0,0
MAS,OCR22062,GLU,83-XT,2,MS,Serum,1/1/2021,1/14/2021,200.6,2,mg/dL,10/1/2020,30,0,0,0
MAS,OCR22061,GLU,83-XT,3,MS,Serum,1/1/2021,1/14/2021,81,1,mg/dL,10/1/2020,31,0,0,0
MAS,OCR22062,GLU,83-XT,3,MS,Serum,1/1/2021,1/14/2021,201.6,2,mg/dL,10/1/2020,31,0,0,0
MAS,OCR22063,GLU,83-XT,3,MS,Serum,1/1/2021,5/13/2021,1222.1,3,mg/dL,10/1/2020,31,0,0,0
MAS,AA22091,AMON,68,1,MS,Serum,6/1/2021,3/14/2021,39.8,1,µmol/L,1/13/2020,37,0,0,0
MAS,AA22092,AMON,68,1,MS,Serum,6/1/2021,3/14/2021,181.7,2,µmol/L,1/13/2020,37,0,0,0
MAS,AA24051,AMON,68,1,MS,Serum,6/1/2021,12/14/2020,41.9,1,µmol/L,1/13/2020,37,0,0,0
MAS,AA24052,AMON,68,1,MS,Serum,6/1/2021,12/14/2020,186.9,2,µmol/L,1/13/2020,37,0,0,0
MAS,OCR22103,Li,30,1,MS,Serum,,12/30/2020,12.64,3,mmol/L,1/17/2020,25,0,0,0
MAS,OCR22103,Mg,5,1,MS,Serum,6/1/2021,12/30/2020,14.3,3,mg/dL,1/21/2019,25,0,0,0
MAS,OCR22103,Mg,6,1,MS,Serum,7/1/2021,12/30/2020,14.32,3,mg/dL,4/12/2019,25,0,0,0
MAS,OCR22103,Na+,19,1,MS,Serum,5/1/2021,12/30/2020,1143.3,3,mmol/L,1/27/2014,25,0,0,0
MAS,OCR22103,Na+,20,1,MS,Serum,11/1/2020,12/30/2020,1143.1,3,mmol/L,1/31/2014,25,0,0,0
MAS,OCR22103,Na+,24,1,MS,Serum,3/1/2021,12/30/2020,1142.9,3,mmol/L,6/27/2014,25,0,0,0
MAS,OCR22103,Na+,25,1,MS,Serum,4/1/2021,12/30/2020,1142.1,3,mmol/L,7/29/2004,25,0,0,0
MAS,OCR22103,Na+,26,1,MS,Serum,12/30/2020,12/30/2020,1142.4,3,mmol/L,10/16/2014,25,0,0,0
MAS,OCR22103,Na+,27,1,MS,Serum,7/1/2021,12/30/2020,1141.3,3,mmol/L,7/29/2004,25,0,0,0
MAS,OCR22103,PHOS,1,1,MS,Serum,,12/30/2020,16.84,3,mg/dL,1/20/2020,25,0,0,0
MAS,OCR22103,PHOS,49,1,MS,Serum,7/1/2021,12/30/2020,16.88,3,mg/dL,5/15/2019,25,0,0,0
MAS,OCR22103,PHYT,20,1,MS,Serum,,12/30/2020,119.2,3,µg/mL,8/30/2019,25,0,0,0
MAS,OCR22103,TBIL,32,1,MS,Serum,3/1/2021,12/30/2020,115.81,3,mg/dL,7/29/2004,25,0,0,0
MAS,OCR22103,TBIL,34,1,MS,Serum,10/1/2020,12/30/2020,114.97,3,mg/dL,7/29/2004,25,0,0,0
MAS,OCR22103,TBIL,36,1,MS,Serum,12/1/2020,12/30/2020,115.17,3,mg/dL,7/29/2004,25,0,0,0
MAS,OCR22103,TBIL,37,1,MS,Serum,3/1/2021,12/30/2020,115.28,3,mg/dL,7/29/2004,25,0,0,0
MAS,OCR22103,TBIL,38,1,MS,Serum,2/1/2021,12/30/2020,115.15,3,mg/dL,8/6/2004,25,0,0,0
MAS,OCR22103,TBIL,39,1,MS,Serum,5/1/2021,12/30/2020,115,3,mg/dL,10/5/2004,25,0,0,0
MAS,OCR22103,TBIL,40,1,MS,Serum,7/1/2021,12/30/2020,115.12,3,mg/dL,11/15/2004,25,0,0,0
MAS,OCR22103,TBIL,10-XT,1,MS,Serum,12/1/2020,12/30/2020,115.1,3,mg/dL,11/13/2018,25,0,0,0
MAS,OCR22103,TBIL,80-XT,1,MS,Serum,12/1/2020,12/30/2020,115.28,3,mg/dL,11/30/2018,25,0,0,0
MAS,OCR22103,THEO,6,1,MS,Serum,7/1/2021,12/30/2020,120.7,3,µg/mL,6/15/2018,25,0,0,0
MAS,OCR22103,TIBC,21,1,MS,Serum,2/1/2021,12/30/2020,1459,3,µg/dL,2/23/2010,25,0,0,0
MAS,OCR22103,TIBC,22,1,MS,Serum,6/1/2021,12/30/2020,1453,3,µg/dL,2/26/2010,25,0,0,0
MAS,OCR22103,TIBC,23,1,MS,Serum,6/1/2021,12/30/2020,1470,3,µg/dL,3/5/2010,25,0,0,0
MAS,OCR22103,TP,12,1,MS,Serum,7/1/2021,12/30/2020,16.27,3,g/dL,5/7/2009,25,0,0,0
MAS,OCR22103,TP,15,1,MS,Serum,5/1/2021,12/30/2020,16.29,3,g/dL,7/15/2009,25,0,0,0
MAS,OCR22103,TP,49,1,MS,Serum,4/1/2021,12/30/2020,16.23,3,g/dL,9/22/2006,25,0,0,0
MAS,OCR22103,TP,5,1,MS,Serum,7/1/2021,12/30/2020,16.13,3,g/dL,9/29/2007,25,0,0,0
MAS,OCR22103,TP,7,1,MS,Serum,11/1/2020,12/30/2020,16.23,3,g/dL,11/24/2008,25,0,0,0
MAS,OCR22103,TP,8,1,MS,Serum,2/1/2021,12/30/2020,16.27,3,g/dL,3/25/2008,25,0,0,0
MAS,OCR22103,TP,10-XT,1,MS,Serum,1/1/2021,12/30/2020,16.2,3,g/dL,10/17/2018,25,0,0,0
MAS,OCR22103,TRIG,42,1,MS,Serum,7/1/2021,12/30/2020,1253.4,3,mg/dL,6/16/2011,25,0,0,0
MAS,OCR22103,TRIG,43,1,MS,Serum,4/1/2021,12/30/2020,1257,3,mg/dL,7/19/2012,25,0,0,0
MAS,OCR22103,TRIG,45,1,MS,Serum,,12/30/2020,1252.4,3,mg/dL,7/11/2013,25,0,0,0
MAS,OCR22103,TRIG,10-XT,1,MS,Serum,6/1/2021,12/30/2020,1253.6,3,mg/dL,8/16/2018,25,0,0,0
MAS,OCR22103,URIC,38,1,MS,Serum,7/1/2021,12/30/2020,110.25,3,mg/dL,9/19/2017,25,0,0,0
MAS,OCR22103,URIC,42,1,MS,Serum,6/1/2021,12/30/2020,110.65,3,mg/dL,3/27/2019,25,0,0,0
MAS,OCR22103,URIC,43,1,MS,Serum,12/1/2020,12/30/2020,110.49,3,mg/dL,3/27/2019,25,0,0,0
MAS,OCR22103,URIC,44,1,MS,Serum,2/1/2021,12/30/2020,110.28,3,mg/dL,4/16/2019,25,0,0,0
MAS,OCR22103,URIC,45,1,MS,Serum,5/1/2021,12/30/2020,110.25,3,mg/dL,6/28/2019,25,0,0,0
MAS,OCR22103,URIC,46,1,MS,Serum,,12/30/2020,110.61,3,mg/dL,1/17/2020,25,0,0,0
MAS,OCR22103,VAST,23,1,MS,Serum,3/1/2021,12/30/2020,1178,3,U/L,11/16/2015,25,0,0,0
MAS,OCR22103,VAST,25,1,MS,Serum,5/1/2021,12/30/2020,1181,3,U/L,3/7/2019,25,0,0,0
MAS,OCR22103,VAST,26,1,MS,Serum,7/1/2021,12/30/2020,1178,3,U/L,10/30/2019,25,0,0,0
MAS,OCR22103,dHDL,10,1,MS,Serum,11/1/2020,12/30/2020,159.2,3,mg/dL,6/18/2007,25,0,0,0
MAS,OCR22103,dHDL,23,1,MS,Serum,10/1/2020,12/30/2020,157,3,mg/dL,10/16/2009,25,0,0,0
MAS,OCR22103,dHDL,24,1,MS,Serum,12/1/2020,12/30/2020,158.6,3,mg/dL,10/15/2009,25,0,0,0
MAS,OCR22103,dHDL,25,1,MS,Serum,,12/30/2020,162.1,3,mg/dL,7/9/2010,25,0,0,0
MAS,OCR22103,dLDL,30,1,MT,Serum,8/5/2021,12/30/2020,1115.2,3,mg/dL,4/1/2019,25,0,0,0
MAS,OCR22101,Ca,39,1,MS,Serum,6/1/2021,12/30/2020,8.57,1,mg/dL,7/29/2004,26,0,0,0
MAS,OCR22101,TBIL,41,1,MS,Serum,,12/30/2020,1.64,1,mg/dL,2/28/2005,26,0,0,0
MAS,OCR22102,Ca,39,1,MS,Serum,6/1/2021,12/30/2020,11.84,2,mg/dL,7/29/2004,26,0,0,0
MAS,OCR22102,TBIL,41,1,MS,Serum,,12/30/2020,15.06,2,mg/dL,2/28/2005,26,0,0,0
MAS,OCR22103,Ca,39,1,MS,Serum,6/1/2021,12/30/2020,11.84,3,mg/dL,7/29/2004,26,0,0,0
MAS,OCR22103,TBIL,41,1,MS,Serum,,12/30/2020,15.06,3,mg/dL,2/28/2005,26,0,0,0
MAS,UC20081,GLU,83-XT,2,MS,Urine,1/1/2021,5/5/2021,41.2,1,mg/dL,9/30/2020,27,0,0,0
MAS,UC21041,Na+,71,3,MS,Urine,4/30/2021,4/1/2021,29,1,mmol/L,10/5/2020,46,0,0,0
MAS,UC21042,Na+,71,3,MS,Urine,4/30/2021,4/1/2021,52,2,mmol/L,10/5/2020,46,0,0,0
MAS,UC21051,Na+,71,1,MS,Urine,4/30/2021,2/14/2021,30.8,1,mmol/L,5/1/2019,46,0,0,0
MAS,UC21052,Na+,71,1,MS,Urine,4/30/2021,2/14/2021,55.1,2,mmol/L,5/1/2019,46,0,0,0
MAS,UC21061,Na+,71,1,MS,Urine,4/30/2021,3/24/2021,27.4,1,mmol/L,5/1/2019,46,0,0,0
MAS,UC21062,Na+,71,1,MS,Urine,4/30/2021,3/24/2021,52.2,2,mmol/L,5/1/2019,46,0,0,0
MAS,UC21071,GLU,84-XT,1,MS,Urine,1/1/2021,4/18/2021,39.9,1,mg/dL,3/26/2019,46,0,0,0
MAS,UC21071,Na+,71,1,MS,Urine,4/30/2021,4/18/2021,26.8,1,mmol/L,5/1/2019,46,0,0,0
MAS,UC21072,GLU,84-XT,1,MS,Urine,1/1/2021,4/18/2021,78.2,2,mg/dL,3/26/2019,46,0,0,0
MAS,UC21072,Na+,71,1,MS,Urine,4/30/2021,4/18/2021,51,2,mmol/L,5/1/2019,46,0,0,0
MAS,UC21081,Na+,71,1,MS,Urine,4/30/2021,12/25/2021,29.3,1,mmol/L,5/1/2019,46,0,0,0
MAS,UC21081,mALB,81,1,MT,Urine,5/25/2021,12/25/2021,5.01,1,mg/dL,8/28/2020,49,0,0,0
MAS,UC21082,mALB,80,1,MT,Urine,5/25/2021,12/25/2021,7.78,2,mg/dL,8/28/2020,49,0,0,0
MAS,UC21082,Na+,71,1,MS,Urine,4/30/2021,12/25/2021,59.4,2,mmol/L,5/1/2019,46,0,0,0
MAS,UC21081,mALB,78,1,MT,Urine,5/25/2021,12/25/2021,4.2,1,mg/dL,8/28/2020,48,0,0,0
MAS,UC21081,mALB,79,1,MT,Urine,5/25/2021,12/25/2021,4.78,1,mg/dL,8/28/2020,48,0,0,0
MAS,UC21082,mALB,78,1,MT,Urine,5/25/2021,12/25/2021,8.22,2,mg/dL,8/28/2020,48,0,0,0
MAS,UC21082,mALB,79,1,MT,Urine,5/25/2021,12/25/2021,8.91,2,mg/dL,8/28/2020,48,0,0,0
MAS,UC21081,mALB,80,1,MT,Urine,5/25/2021,12/25/2021,3.88,1,mg/dL,8/28/2020,49,0,0,0
MAS,UC21081,mALB,74,1,MT,Urine,10/2/2021,12/25/2021,4.17,1,mg/dL,9/1/2019,47,0,0,0
MAS,UC21081,mALB,75,1,MT,Urine,2/14/2021,12/25/2021,4.21,1,mg/dL,11/30/2019,47,0,0,0
MAS,UC21081,mALB,76,1,MT,Urine,4/21/2021,12/25/2021,4.36,1,mg/dL,1/22/2020,47,0,0,0
MAS,UC21081,mALB,77,1,MT,Urine,,12/25/2021,3.99,1,mg/dL,8/28/2020,47,0,0,0
MAS,UC21082,mALB,74,1,MT,Urine,10/2/2021,12/25/2021,7.78,2,mg/dL,9/1/2019,47,0,0,0
MAS,UC21082,mALB,75,1,MT,Urine,2/14/2021,12/25/2021,8.22,2,mg/dL,11/30/2019,47,0,0,0
MAS,UC21082,mALB,76,1,MT,Urine,4/21/2021,12/25/2021,8.13,2,mg/dL,1/22/2020,47,0,0,0
MAS,UC21082,mALB,77,1,MT,Urine,,12/25/2021,7.67,2,mg/dL,8/28/2020,47,0,0,0
